from,to,routes
ABE,ATL,3
ABE,CLT,2
ABE,DTW,1
ABE,MYR,1
ABE,ORD,1
ABE,PGD,1
ABE,PHL,2
ABE,PIE,1
ABE,SFB,1
ABI,DFW,2
ABL,OTZ,2
ABQ,ATL,5
ABQ,BWI,1
ABQ,CNM,1
ABQ,DAL,1
ABQ,DEN,3
ABQ,DFW,2
ABQ,HOU,1
ABQ,IAH,1
ABQ,JFK,1
ABQ,LAM,1
ABQ,LAS,2
ABQ,LAX,5
ABQ,MCI,2
ABQ,MDW,2
ABQ,MSP,1
ABQ,OAK,1
ABQ,ORD,3
ABQ,PDX,2
ABQ,PHX,3
ABQ,SAN,1
ABQ,SEA,1
ABQ,SFO,1
ABQ,SLC,1
ABR,MSP,1
ABY,ATL,4
ACA,IAH,1
ACA,MEX,3
ACA,TIJ,1
ACA,TLC,2
ACK,BOS,1
ACK,EWB,1
ACK,HPN,1
ACK,HYA,1
ACK,MVY,1
ACK,TEB,1
ACT,DFW,2
ACV,CEC,1
ACV,SFO,1
ACV,SMF,1
ACY,BOS,1
ACY,DTW,1
ACY,FLL,1
ACY,IAH,1
ACY,MCO,1
ACY,MYR,1
ACY,ORD,2
ACY,RSW,1
ACY,TPA,1
ADK,ANC,1
ADQ,AKK,1
ADQ,ANC,2
AET,BTT,1
AET,FAI,1
AEX,ATL,3
AEX,DFW,2
AEX,IAH,1
AGS,ATL,3
AGS,CLT,2
AGS,DCA,2
AGU,CUN,1
AGU,DFW,2
AGU,IAH,1
AGU,LAX,1
AGU,MEX,2
AGU,MTY,1
AGU,TIJ,1
AHN,BNA,1
AIN,ATK,1
AIN,BRW,1
AKB,DUT,1
AKK,ADQ,1
AKN,ANC,2
AKN,DLG,1
AKP,BTT,1
AKP,FAI,1
ALB,ATL,5
ALB,BOS,1
ALB,BWI,2
ALB,CLE,1
ALB,CLT,2
ALB,DCA,2
ALB,DTW,1
ALB,EWR,2
ALB,FLL,2
ALB,IAD,1
ALB,LAS,1
ALB,MCO,1
ALB,MDW,2
ALB,MSP,1
ALB,MSS,1
ALB,OGS,1
ALB,ORD,1
ALB,PHL,2
ALB,TPA,2
ALO,ORD,2
ALS,DEN,3
ALS,FMN,3
ALW,SEA,1
AMA,DAL,2
AMA,DEN,3
AMA,DFW,2
AMA,IAH,1
AMA,LAS,1
ANC,ADK,1
ANC,ADQ,2
ANC,AKN,2
ANC,ANI,3
ANC,BET,2
ANC,BRW,1
ANC,CDB,2
ANC,CDV,2
ANC,DEN,1
ANC,DLG,2
ANC,ENA,3
ANC,FAI,2
ANC,HNL,1
ANC,HOM,2
ANC,ILI,1
ANC,JNU,1
ANC,KSM,2
ANC,LAS,1
ANC,LAX,2
ANC,MCG,2
ANC,MSP,1
ANC,OME,1
ANC,ORD,2
ANC,OTZ,1
ANC,PDX,1
ANC,PHX,2
ANC,SCC,1
ANC,SDP,2
ANC,SEA,3
ANC,SLC,1
ANC,SNP,2
ANC,STG,2
ANC,UNK,3
ANC,VDZ,2
ANI,ANC,3
ANI,HCR,1
ANI,KLG,1
ANI,MCG,2
ANI,RSH,1
ANI,SHX,1
ANV,HCR,1
AOO,IAD,1
AOO,JST,1
APN,DTW,1
APN,MSP,1
ARC,VEE,1
ART,ORD,2
ART,PHL,2
ASE,DEN,1
ASE,LAX,1
ATK,AIN,1
ATK,BRW,1
ATL,ABE,3
ATL,ABQ,5
ATL,ABY,4
ATL,AEX,3
ATL,AGS,3
ATL,ALB,4
ATL,ATW,3
ATL,AUS,7
ATL,AVL,4
ATL,AVP,3
ATL,AZO,2
ATL,BDL,7
ATL,BHM,6
ATL,BJX,1
ATL,BMI,3
ATL,BNA,7
ATL,BOS,8
ATL,BQK,3
ATL,BTR,3
ATL,BTV,3
ATL,BUF,4
ATL,BWI,7
ATL,CAE,4
ATL,CAK,5
ATL,CHA,5
ATL,CHO,3
ATL,CHS,7
ATL,CID,4
ATL,CLE,5
ATL,CLT,8
ATL,CMH,8
ATL,COS,3
ATL,CRW,4
ATL,CSG,3
ATL,CUN,9
ATL,CVG,7
ATL,CZM,5
ATL,DAB,3
ATL,DAL,4
ATL,DAY,6
ATL,DCA,7
ATL,DEN,11
ATL,DFW,11
ATL,DHN,3
ATL,DSM,3
ATL,DTW,8
ATL,ECP,3
ATL,ELP,4
ATL,EVV,4
ATL,EWN,3
ATL,EWR,7
ATL,EYW,3
ATL,FAR,1
ATL,FAY,3
ATL,FLL,8
ATL,FNT,3
ATL,FSD,1
ATL,FSM,3
ATL,FWA,4
ATL,GDL,6
ATL,GNV,4
ATL,GPT,4
ATL,GRB,3
ATL,GRK,3
ATL,GRR,3
ATL,GSO,6
ATL,GSP,4
ATL,GTR,3
ATL,HNL,1
ATL,HOU,6
ATL,HPN,3
ATL,HSV,5
ATL,IAD,9
ATL,IAH,9
ATL,ICT,4
ATL,ILM,4
ATL,IND,9
ATL,JAN,5
ATL,JAX,9
ATL,JFK,10
ATL,LAN,2
ATL,LAS,7
ATL,LAX,10
ATL,LEX,4
ATL,LFT,3
ATL,LGA,8
ATL,LIT,4
ATL,LWB,1
ATL,MBS,2
ATL,MCI,8
ATL,MCN,1
ATL,MCO,8
ATL,MDT,3
ATL,MDW,5
ATL,MEI,1
ATL,MEM,7
ATL,MEX,7
ATL,MGM,3
ATL,MHT,3
ATL,MIA,12
ATL,MKE,6
ATL,MLB,3
ATL,MLI,3
ATL,MLU,3
ATL,MOB,3
ATL,MSL,1
ATL,MSN,3
ATL,MSP,8
ATL,MSY,9
ATL,MTY,6
ATL,MYR,4
ATL,OAJ,3
ATL,OKC,7
ATL,OMA,4
ATL,ORD,19
ATL,ORF,7
ATL,PBI,8
ATL,PDX,5
ATL,PHF,3
ATL,PHL,9
ATL,PHX,9
ATL,PIA,3
ATL,PIB,1
ATL,PIT,7
ATL,PNS,5
ATL,PVD,3
ATL,PVR,2
ATL,RDU,9
ATL,RIC,7
ATL,ROA,4
ATL,ROC,4
ATL,RSW,8
ATL,SAN,8
ATL,SAT,7
ATL,SAV,6
ATL,SBN,3
ATL,SDF,6
ATL,SEA,6
ATL,SFO,9
ATL,SGF,3
ATL,SHV,3
ATL,SJC,3
ATL,SJD,4
ATL,SLC,6
ATL,SMF,4
ATL,SNA,4
ATL,SRQ,5
ATL,STL,8
ATL,SYR,4
ATL,TLH,3
ATL,TPA,7
ATL,TRI,3
ATL,TTN,1
ATL,TUL,4
ATL,TUP,1
ATL,TUS,5
ATL,TYS,6
ATL,VLD,3
ATL,VPS,4
ATL,XNA,5
ATL,YUL,3
ATL,YYZ,6
ATW,ATL,3
ATW,AZA,1
ATW,DTW,1
ATW,LAS,1
ATW,MSP,1
ATW,ORD,1
ATW,SFB,1
ATY,MSP,1
ATY,PIR,2
AUG,BOS,1
AUK,EMK,1
AUS,ATL,7
AUS,BNA,1
AUS,BOS,1
AUS,BWI,1
AUS,CLE,1
AUS,CLT,2
AUS,CUN,2
AUS,DAL,1
AUS,DCA,1
AUS,DEN,4
AUS,DFW,2
AUS,DTW,1
AUS,ELP,2
AUS,EWR,2
AUS,FLL,2
AUS,HOU,1
AUS,HRL,2
AUS,IAD,1
AUS,IAH,1
AUS,JFK,4
AUS,LAS,2
AUS,LAX,5
AUS,LBB,1
AUS,LGB,1
AUS,MCO,4
AUS,MDW,2
AUS,MEM,1
AUS,MEX,1
AUS,MSP,1
AUS,MSY,2
AUS,OAK,2
AUS,ORD,3
AUS,PHL,2
AUS,PHX,3
AUS,SAN,1
AUS,SEA,1
AUS,SFO,3
AUS,SJC,2
AUS,SLC,1
AUS,TPA,1
AVL,ATL,4
AVL,CLT,2
AVL,DTW,1
AVL,FLL,1
AVL,ORD,1
AVL,PGD,1
AVL,PIE,1
AVL,SFB,1
AVP,ATL,2
AVP,CLT,2
AVP,DTW,1
AVP,ORD,1
AVP,PHL,2
AVP,SFB,1
AZA,ATW,1
AZA,BIL,1
AZA,BIS,1
AZA,BLI,1
AZA,BZN,1
AZA,CID,1
AZA,DLH,1
AZA,EUG,1
AZA,FAR,1
AZA,FSD,1
AZA,FWA,1
AZA,GFK,1
AZA,GRI,1
AZA,GRR,1
AZA,GTF,1
AZA,ICT,1
AZA,IDA,1
AZA,LAS,1
AZA,MLI,1
AZA,MOT,1
AZA,MSO,1
AZA,OAK,1
AZA,OGD,1
AZA,PIA,1
AZA,PSC,1
AZA,PVU,1
AZA,RAP,1
AZA,RFD,1
AZA,RST,1
AZA,SBN,1
AZA,SGF,1
AZA,STC,1
AZO,ATL,2
AZO,DTW,1
AZO,MSP,1
AZO,ORD,2
BDL,ATL,7
BDL,BWI,2
BDL,CLT,2
BDL,CVG,1
BDL,DCA,2
BDL,DEN,1
BDL,DFW,2
BDL,DTW,1
BDL,FLL,2
BDL,IAD,1
BDL,LAS,1
BDL,LAX,3
BDL,MCO,4
BDL,MDW,2
BDL,MIA,2
BDL,MSP,1
BDL,ORD,3
BDL,PBI,1
BDL,PHL,2
BDL,PIT,2
BDL,RDU,1
BDL,RSW,1
BDL,TPA,2
BDL,YUL,2
BDL,YYZ,2
BET,ANC,2
BET,CYF,1
BET,EMK,1
BET,KKH,1
BET,KLG,1
BET,KWK,1
BET,KWN,1
BET,KWT,1
BFD,CLE,1
BFD,JHW,1
BFF,DEN,1
BFI,CLM,1
BFL,DEN,1
BFL,IAH,1
BFL,LAX,1
BFL,PHX,2
BFL,SFO,1
BGM,DTW,1
BGM,IAD,1
BGM,PHL,2
BGR,DCA,2
BGR,DTW,1
BGR,LGA,1
BGR,PHL,2
BGR,PIE,1
BGR,SFB,1
BHB,BOS,1
BHM,ATL,6
BHM,BWI,2
BHM,CLT,2
BHM,DAL,2
BHM,DCA,2
BHM,DEN,1
BHM,DFW,2
BHM,DTW,1
BHM,HOU,1
BHM,IAH,1
BHM,LAS,2
BHM,LGA,1
BHM,MCO,3
BHM,MDW,1
BHM,MIA,2
BHM,MSP,1
BHM,ORD,1
BHM,PHL,2
BHM,TPA,2
BIL,AZA,1
BIL,DEN,1
BIL,GDV,1
BIL,GGW,1
BIL,HVR,1
BIL,LAS,1
BIL,MSP,1
BIL,OLF,1
BIL,PDX,1
BIL,SDY,1
BIL,SEA,1
BIL,SLC,1
BIS,AZA,1
BIS,DEN,2
BIS,LAS,1
BIS,MSP,1
BIS,SFB,1
BJI,MSP,1
BJX,ATL,1
BJX,CUN,1
BJX,DFW,2
BJX,IAH,1
BJX,LAX,2
BJX,MDW,1
BJX,MEX,1
BJX,MTY,1
BJX,SFO,1
BJX,TIJ,2
BKC,DRG,2
BKC,OTZ,2
BKW,IAD,1
BLI,AZA,1
BLI,HNL,1
BLI,LAS,2
BLI,LAX,1
BLI,OAK,1
BLI,PDX,1
BLI,PSP,1
BLI,SAN,1
BLI,SEA,1
BLV,SFB,1
BMI,ATL,3
BMI,DEN,1
BMI,DFW,2
BMI,DTW,1
BMI,MCO,1
BMI,MSP,1
BMI,ORD,2
BMI,SFB,1
BNA,AHN,1
BNA,ATL,6
BNA,AUS,1
BNA,BOS,1
BNA,BWI,2
BNA,CHS,2
BNA,CLE,2
BNA,CLT,2
BNA,CMH,1
BNA,CVG,1
BNA,DCA,2
BNA,DEN,3
BNA,DFW,2
BNA,DTW,2
BNA,ECP,1
BNA,EWR,2
BNA,FLL,1
BNA,GSP,1
BNA,HOU,2
BNA,IAD,1
BNA,IAH,1
BNA,JAX,1
BNA,JFK,3
BNA,LAS,1
BNA,LAX,5
BNA,LGA,4
BNA,MCI,1
BNA,MCO,3
BNA,MDW,2
BNA,MIA,2
BNA,MKL,1
BNA,MSP,1
BNA,MSY,1
BNA,ORD,3
BNA,PHL,3
BNA,PHX,1
BNA,PIT,2
BNA,PNS,1
BNA,RDU,1
BNA,SAN,1
BNA,SAT,1
BNA,SLC,1
BNA,STL,1
BNA,TPA,2
BNA,TTN,1
BNA,YYZ,1
BOI,DEN,3
BOI,GEG,1
BOI,LAS,2
BOI,LAX,1
BOI,LWS,1
BOI,MSP,1
BOI,OAK,1
BOI,ORD,1
BOI,PDX,1
BOI,PHX,3
BOI,SAN,1
BOI,SEA,1
BOI,SFO,1
BOI,SJC,1
BOI,SLC,1
BOI,SMF,1
BOS,ACK,1
BOS,ACY,1
BOS,ALB,1
BOS,ATL,7
BOS,AUG,1
BOS,AUS,1
BOS,BHB,1
BOS,BNA,1
BOS,BUF,3
BOS,BWI,3
BOS,CAK,2
BOS,CHS,2
BOS,CLE,1
BOS,CLT,3
BOS,CMH,1
BOS,CUN,5
BOS,CVG,1
BOS,DCA,3
BOS,DEN,3
BOS,DFW,4
BOS,DTW,2
BOS,EWR,2
BOS,FLL,2
BOS,HOU,2
BOS,HYA,1
BOS,IAD,2
BOS,IAH,1
BOS,IND,1
BOS,ISP,2
BOS,JAX,2
BOS,JFK,4
BOS,LAS,2
BOS,LAX,7
BOS,LEB,1
BOS,LGA,3
BOS,LGB,1
BOS,MCI,1
BOS,MCO,3
BOS,MDT,2
BOS,MDW,2
BOS,MIA,2
BOS,MKE,1
BOS,MSP,2
BOS,MSY,2
BOS,MVY,1
BOS,MYR,2
BOS,ORD,5
BOS,PBG,2
BOS,PBI,1
BOS,PDX,3
BOS,PHL,3
BOS,PHX,3
BOS,PIT,3
BOS,PQI,2
BOS,PVC,1
BOS,RDU,2
BOS,RIC,4
BOS,RKD,1
BOS,ROC,2
BOS,RSW,1
BOS,RUT,1
BOS,SAN,3
BOS,SAV,1
BOS,SEA,3
BOS,SFO,3
BOS,SJC,1
BOS,SLC,1
BOS,SLK,1
BOS,STL,1
BOS,SYR,2
BOS,TPA,1
BOS,YHZ,2
BOS,YOW,2
BOS,YTZ,1
BOS,YUL,2
BOS,YYZ,2
BPT,DFW,2
BQK,ATL,3
BRD,INL,1
BRD,MSP,1
BRL,ORD,1
BRL,STL,1
BRO,DFW,2
BRO,IAH,1
BRW,AIN,1
BRW,ANC,1
BRW,ATK,1
BRW,NUI,1
BRW,PIZ,1
BRW,SCC,1
BTI,FYU,1
BTI,SCC,1
BTM,SLC,1
BTR,ATL,3
BTR,CLT,2
BTR,DFW,2
BTR,IAH,1
BTT,AET,1
BTT,AKP,1
BTT,FAI,1
BTV,ATL,2
BTV,DCA,2
BTV,DTW,1
BTV,EWR,1
BTV,IAD,1
BTV,JFK,1
BTV,LGA,1
BTV,ORD,1
BTV,PHL,2
BTV,SFB,1
BUF,ATL,4
BUF,BOS,3
BUF,BWI,2
BUF,CLE,1
BUF,CLT,2
BUF,DCA,2
BUF,DTW,1
BUF,EWR,1
BUF,FLL,2
BUF,IAD,1
BUF,JFK,2
BUF,LAS,1
BUF,LGA,1
BUF,MCO,3
BUF,MDW,2
BUF,MSP,1
BUF,ORD,3
BUF,PHL,2
BUF,PHX,1
BUF,TPA,1
BUR,DEN,2
BUR,IPL,1
BUR,JFK,1
BUR,LAS,2
BUR,OAK,1
BUR,PDX,2
BUR,PHX,3
BUR,SEA,2
BUR,SFO,1
BUR,SJC,1
BUR,SLC,1
BUR,SMF,1
BWI,ABQ,2
BWI,ALB,2
BWI,ATL,7
BWI,AUS,2
BWI,BDL,2
BWI,BHM,1
BWI,BNA,2
BWI,BOS,3
BWI,BUF,2
BWI,CHS,1
BWI,CLE,3
BWI,CLT,4
BWI,CMH,2
BWI,CUN,1
BWI,CVG,1
BWI,DAY,2
BWI,DEN,3
BWI,DFW,3
BWI,DTW,3
BWI,ECP,1
BWI,EWR,1
BWI,FLL,3
BWI,FNT,2
BWI,GRR,1
BWI,GSP,1
BWI,HOU,1
BWI,IAH,1
BWI,IND,2
BWI,ISP,2
BWI,JAX,1
BWI,JFK,3
BWI,LAS,3
BWI,LAX,3
BWI,LIT,1
BWI,MCI,1
BWI,MCO,2
BWI,MDW,2
BWI,MEM,2
BWI,MHT,2
BWI,MIA,2
BWI,MKE,1
BWI,MSP,2
BWI,MSY,2
BWI,MYR,1
BWI,OKC,1
BWI,ORD,3
BWI,ORF,2
BWI,PBI,1
BWI,PHL,2
BWI,PHX,4
BWI,PIT,2
BWI,PVD,2
BWI,PWM,2
BWI,RDU,3
BWI,ROC,2
BWI,RSW,2
BWI,SAN,2
BWI,SAT,2
BWI,SDF,2
BWI,SEA,1
BWI,SFO,1
BWI,SLC,3
BWI,STL,2
BWI,TPA,2
BWI,YYZ,1
BZN,AZA,1
BZN,DEN,2
BZN,LAS,1
BZN,MSP,1
BZN,ORD,1
BZN,SEA,1
BZN,SLC,1
CAE,ATL,4
CAE,CLT,2
CAE,DCA,2
CAE,DFW,2
CAE,DTW,1
CAE,IAD,1
CAE,IAH,1
CAE,LGA,1
CAE,ORD,1
CAE,PHL,2
CAK,ATL,5
CAK,BOS,2
CAK,CLT,2
CAK,DCA,2
CAK,DEN,1
CAK,DTW,1
CAK,LGA,2
CAK,MCO,2
CAK,ORD,1
CAK,PHL,2
CAK,TPA,2
CDB,ANC,2
CDB,KFP,1
CDB,KVC,1
CDB,NLG,1
CDC,SLC,1
CDV,ANC,2
CDV,YAK,1
CEC,ACV,1
CEC,SFO,1
CEN,GDL,1
CEN,HMO,1
CEN,MEX,2
CEN,TIJ,1
CEZ,DEN,1
CGI,STL,1
CHA,ATL,5
CHA,CLT,2
CHA,DCA,2
CHA,DFW,2
CHA,DTW,1
CHA,ORD,2
CHA,PIE,1
CHA,SFB,1
CHO,ATL,3
CHO,CLT,2
CHO,IAD,1
CHO,LGA,3
CHO,ORD,2
CHO,PHL,2
CHS,ATL,6
CHS,BNA,1
CHS,BOS,2
CHS,BWI,2
CHS,CLE,1
CHS,CLT,2
CHS,DCA,2
CHS,DFW,2
CHS,DTW,1
CHS,EWR,1
CHS,HOU,1
CHS,IAD,1
CHS,IAH,1
CHS,JFK,2
CHS,LGA,1
CHS,MDW,2
CHS,MIA,2
CHS,ORD,1
CHS,PHL,2
CIC,SFO,1
CID,ATL,3
CID,AZA,1
CID,DEN,2
CID,DFW,2
CID,DTW,1
CID,LAS,1
CID,MSP,1
CID,ORD,3
CID,PGD,1
CID,PIE,1
CID,SFB,1
CIU,DTW,1
CJS,CUU,1
CJS,GDL,1
CJS,HMO,1
CJS,MEX,3
CJS,MTY,2
CJS,TIJ,2
CKB,MGW,1
CKB,SFB,1
CLD,LAX,1
CLE,ALB,1
CLE,ATL,6
CLE,AUS,1
CLE,BFD,1
CLE,BNA,2
CLE,BOS,1
CLE,BUF,1
CLE,BWI,2
CLE,CHS,1
CLE,CLT,3
CLE,CMH,1
CLE,CUN,2
CLE,DAY,1
CLE,DCA,1
CLE,DEN,3
CLE,DFW,3
CLE,DTW,1
CLE,DUJ,1
CLE,ERI,1
CLE,EWR,1
CLE,FKL,1
CLE,FLL,1
CLE,FNT,1
CLE,GRR,1
CLE,GSP,1
CLE,IAD,1
CLE,IAH,1
CLE,IND,1
CLE,JFK,3
CLE,JHW,1
CLE,LAS,2
CLE,LAX,1
CLE,LGA,2
CLE,MCI,1
CLE,MCO,1
CLE,MDW,2
CLE,MIA,2
CLE,MKE,1
CLE,MSP,2
CLE,MSY,1
CLE,ORD,3
CLE,PBI,1
CLE,PHL,2
CLE,PHX,1
CLE,PKB,1
CLE,RIC,1
CLE,ROC,1
CLE,RSW,1
CLE,SDF,1
CLE,SFO,1
CLE,STL,1
CLE,SYR,1
CLE,TPA,1
CLE,TTN,1
CLE,YYZ,2
CLL,DFW,2
CLL,IAH,1
CLM,BFI,1
CLQ,MEX,2
CLQ,TIJ,1
CLT,ABE,2
CLT,AGS,2
CLT,ALB,2
CLT,ATL,8
CLT,AUS,2
CLT,AVL,2
CLT,AVP,2
CLT,BDL,2
CLT,BHM,2
CLT,BNA,2
CLT,BOS,3
CLT,BTR,2
CLT,BUF,2
CLT,BWI,4
CLT,CAE,2
CLT,CAK,2
CLT,CHA,2
CLT,CHO,2
CLT,CHS,2
CLT,CLE,3
CLT,CMH,2
CLT,CUN,2
CLT,CVG,3
CLT,CZM,2
CLT,DAB,2
CLT,DAY,2
CLT,DCA,2
CLT,DEN,2
CLT,DFW,2
CLT,DSM,2
CLT,DTW,3
CLT,EWN,2
CLT,EWR,3
CLT,FAY,2
CLT,FLL,2
CLT,FLO,2
CLT,GNV,2
CLT,GPT,2
CLT,GSO,2
CLT,GSP,2
CLT,HHH,2
CLT,HOU,1
CLT,HPN,2
CLT,HSV,2
CLT,HTS,2
CLT,IAD,3
CLT,IAH,3
CLT,ILM,2
CLT,IND,2
CLT,JAN,2
CLT,JAX,2
CLT,JFK,4
CLT,LAS,2
CLT,LAX,2
CLT,LEX,2
CLT,LGA,3
CLT,LIT,2
CLT,LYH,2
CLT,MCI,2
CLT,MCO,4
CLT,MDT,2
CLT,MDW,2
CLT,MEM,2
CLT,MEX,2
CLT,MGM,2
CLT,MHT,2
CLT,MIA,2
CLT,MKE,2
CLT,MLB,2
CLT,MOB,2
CLT,MSP,3
CLT,MSY,2
CLT,MYR,2
CLT,OAJ,2
CLT,OMA,2
CLT,ORD,3
CLT,ORF,2
CLT,PBI,2
CLT,PDX,2
CLT,PGV,2
CLT,PHF,2
CLT,PHL,2
CLT,PHX,2
CLT,PIT,2
CLT,PNS,2
CLT,PVD,2
CLT,RDU,2
CLT,RIC,2
CLT,ROA,2
CLT,ROC,2
CLT,RSW,2
CLT,SAN,2
CLT,SAT,2
CLT,SAV,2
CLT,SBY,2
CLT,SDF,2
CLT,SEA,2
CLT,SFO,2
CLT,SJD,2
CLT,SLC,3
CLT,SMF,2
CLT,SRQ,2
CLT,STL,2
CLT,SYR,2
CLT,TLH,2
CLT,TPA,2
CLT,TRI,2
CLT,TTN,1
CLT,TYS,2
CLT,VPS,2
CLT,XNA,2
CLT,YOW,2
CLT,YUL,2
CLT,YYZ,3
CME,IAH,1
CME,MEX,2
CMH,ATL,8
CMH,BNA,1
CMH,BOS,1
CMH,BWI,2
CMH,CLE,1
CMH,CLT,2
CMH,DCA,2
CMH,DEN,2
CMH,DFW,2
CMH,DTW,1
CMH,EWR,1
CMH,FLL,1
CMH,IAD,1
CMH,IAH,1
CMH,JFK,3
CMH,LAS,1
CMH,LAX,4
CMH,LGA,3
CMH,MCO,2
CMH,MDW,2
CMH,MIA,2
CMH,MSP,1
CMH,ORD,3
CMH,PHL,2
CMH,PHX,3
CMH,RDU,1
CMH,RSW,2
CMH,STL,2
CMH,TPA,2
CMH,YYZ,2
CMI,DFW,2
CMI,ORD,2
CMX,ORD,1
CNM,ABQ,1
CNP,OBY,1
CNY,SLC,1
COD,DEN,1
COD,SLC,1
COS,ATL,2
COS,DEN,1
COS,DFW,2
COS,IAD,1
COS,IAH,1
COS,LAS,1
COS,LAX,1
COS,ORD,1
COS,SEA,1
COS,SFO,1
COS,SLC,1
COU,DFW,2
COU,ORD,2
CPE,MEX,2
CPR,DEN,1
CPR,LAS,1
CPR,SLC,1
CRP,DFW,2
CRP,HOU,1
CRP,IAH,1
CRW,ATL,4
CRW,DTW,1
CRW,MYR,1
CSG,ATL,3
CTM,MEX,1
CUL,GDL,2
CUL,HMO,2
CUL,MEX,3
CUL,MTY,3
CUL,TIJ,2
CUN,AGU,1
CUN,ATL,9
CUN,AUS,2
CUN,BJX,1
CUN,BOS,5
CUN,BWI,1
CUN,CLE,2
CUN,CLT,2
CUN,CUU,1
CUN,CVG,1
CUN,CZM,1
CUN,DEN,3
CUN,DFW,4
CUN,DTW,3
CUN,EWR,1
CUN,FLL,2
CUN,GDL,1
CUN,HMO,1
CUN,IAD,1
CUN,IAH,2
CUN,IND,2
CUN,JFK,5
CUN,LAX,4
CUN,MCI,1
CUN,MCO,3
CUN,MDW,1
CUN,MEX,5
CUN,MIA,3
CUN,MID,1
CUN,MKE,1
CUN,MSP,3
CUN,MTY,2
CUN,ORD,3
CUN,PBC,1
CUN,PHL,3
CUN,PHX,2
CUN,PIT,1
CUN,QRO,1
CUN,RDU,2
CUN,SAT,1
CUN,SFO,2
CUN,SLC,2
CUN,SLP,1
CUN,STL,1
CUN,TIJ,1
CUN,TLC,2
CUN,VER,1
CUN,YEG,1
CUN,YHZ,2
CUN,YUL,3
CUN,YVR,2
CUN,YYC,3
CUN,YYZ,3
CUU,CJS,1
CUU,CUN,1
CUU,DFW,2
CUU,GDL,2
CUU,HMO,1
CUU,IAH,1
CUU,MEX,3
CUU,MTY,2
CUU,TIJ,1
CUU,TRC,1
CVG,ATL,7
CVG,BDL,1
CVG,BNA,1
CVG,BOS,1
CVG,BWI,1
CVG,CLT,3
CVG,CUN,2
CVG,DCA,3
CVG,DEN,3
CVG,DFW,3
CVG,DTW,1
CVG,EWR,2
CVG,FLL,1
CVG,GRR,1
CVG,IAD,1
CVG,IAH,2
CVG,JAX,1
CVG,JFK,3
CVG,LAS,1
CVG,LAX,1
CVG,LGA,1
CVG,MCI,1
CVG,MCO,1
CVG,MEM,1
CVG,MIA,2
CVG,MKE,1
CVG,MSN,1
CVG,MSP,1
CVG,MSY,1
CVG,ORD,4
CVG,PGD,1
CVG,PHL,3
CVG,PIT,1
CVG,RDU,1
CVG,RIC,1
CVG,RSW,1
CVG,SFB,1
CVG,SFO,1
CVG,SLC,1
CVG,STL,1
CVG,TPA,1
CVG,TTN,1
CVG,XNA,1
CVG,YYZ,3
CVM,MEX,2
CWA,DTW,1
CWA,MSP,1
CWA,ORD,3
CXH,YWH,1
CYF,BET,1
CYF,KPN,1
CYS,DEN,3
CYS,WRL,3
CZM,ATL,5
CZM,CLT,2
CZM,CUN,1
CZM,DEN,1
CZM,DFW,2
CZM,IAH,1
CZM,MEX,1
CZM,MIA,2
CZM,YUL,1
DAB,ATL,3
DAB,CLT,2
DAL,ABQ,1
DAL,AMA,2
DAL,ATL,4
DAL,AUS,2
DAL,BHM,2
DAL,ELD,1
DAL,ELP,1
DAL,HOU,2
DAL,HRL,1
DAL,IAH,1
DAL,ICT,1
DAL,LBB,2
DAL,LIT,2
DAL,MAF,2
DAL,MCI,2
DAL,MSY,2
DAL,OKC,2
DAL,SAT,2
DAL,STL,2
DAL,TUL,1
DAY,ATL,6
DAY,BWI,2
DAY,CLE,1
DAY,CLT,2
DAY,DCA,2
DAY,DEN,2
DAY,DFW,2
DAY,DTW,1
DAY,EWR,1
DAY,IAD,1
DAY,LGA,3
DAY,MCO,1
DAY,MSP,1
DAY,ORD,3
DAY,PHL,2
DAY,TPA,2
DBQ,ORD,2
DCA,AGS,2
DCA,ALB,2
DCA,ATL,7
DCA,AUS,1
DCA,BDL,2
DCA,BGR,2
DCA,BHM,2
DCA,BNA,2
DCA,BOS,3
DCA,BTV,2
DCA,BUF,2
DCA,CAE,2
DCA,CAK,2
DCA,CHA,2
DCA,CHS,2
DCA,CLE,1
DCA,CLT,2
DCA,CMH,2
DCA,CVG,3
DCA,DAY,2
DCA,DEN,2
DCA,DFW,2
DCA,DSM,2
DCA,DTW,3
DCA,EWR,1
DCA,FAY,2
DCA,FLL,3
DCA,GSO,2
DCA,GSP,2
DCA,HHH,2
DCA,HOU,1
DCA,HPN,2
DCA,HSV,2
DCA,IAH,1
DCA,ILM,2
DCA,IND,2
DCA,ISP,2
DCA,JAN,2
DCA,JAX,2
DCA,JFK,3
DCA,LAN,1
DCA,LAS,2
DCA,LAX,4
DCA,LEX,1
DCA,LGA,3
DCA,LIT,2
DCA,MCI,3
DCA,MCO,3
DCA,MEM,3
DCA,MHT,2
DCA,MIA,2
DCA,MKE,2
DCA,MSN,1
DCA,MSP,4
DCA,MSY,2
DCA,MYR,2
DCA,OAJ,2
DCA,OMA,3
DCA,ORD,3
DCA,ORF,2
DCA,PBI,2
DCA,PDX,2
DCA,PHL,2
DCA,PHX,2
DCA,PIT,2
DCA,PNS,2
DCA,PVD,2
DCA,RDU,2
DCA,ROC,2
DCA,RSW,4
DCA,SAN,2
DCA,SAV,2
DCA,SDF,2
DCA,SEA,1
DCA,SFO,2
DCA,SLC,1
DCA,SRQ,2
DCA,STL,3
DCA,SYR,2
DCA,TLH,2
DCA,TPA,3
DCA,TYS,2
DCA,VPS,2
DCA,YHZ,2
DCA,YOW,1
DCA,YUL,3
DCA,YYZ,3
DDC,DEN,3
DDC,LBL,3
DEC,ORD,1
DEC,STL,1
DEN,ABQ,3
DEN,ALS,3
DEN,AMA,3
DEN,ANC,1
DEN,ASE,1
DEN,ATL,11
DEN,AUS,3
DEN,BDL,1
DEN,BFF,1
DEN,BFL,1
DEN,BHM,1
DEN,BIL,1
DEN,BIS,2
DEN,BMI,1
DEN,BNA,4
DEN,BOI,2
DEN,BOS,3
DEN,BUR,2
DEN,BWI,3
DEN,BZN,2
DEN,CAK,1
DEN,CEZ,1
DEN,CID,2
DEN,CLE,2
DEN,CLT,2
DEN,CMH,3
DEN,COD,1
DEN,COS,1
DEN,CPR,1
DEN,CUN,3
DEN,CVG,3
DEN,CYS,3
DEN,CZM,1
DEN,DAY,2
DEN,DCA,2
DEN,DDC,1
DEN,DFW,5
DEN,DIK,1
DEN,DRO,1
DEN,DSM,2
DEN,DTW,5
DEN,EGE,1
DEN,ELP,1
DEN,EUG,2
DEN,EWR,2
DEN,FAR,2
DEN,FAT,2
DEN,FCA,1
DEN,FLL,4
DEN,FMN,3
DEN,FSD,2
DEN,GCC,1
DEN,GEG,4
DEN,GJT,1
DEN,GRR,2
DEN,GSO,1
DEN,GTF,1
DEN,GUC,1
DEN,HDN,1
DEN,HLN,1
DEN,HNL,1
DEN,HOU,1
DEN,HSV,1
DEN,IAD,2
DEN,IAH,3
DEN,ICT,1
DEN,IDA,1
DEN,ILG,1
DEN,IND,4
DEN,ISN,1
DEN,JAC,1
DEN,JAX,1
DEN,JFK,2
DEN,KOA,1
DEN,LAR,1
DEN,LAS,5
DEN,LAX,7
DEN,LBB,1
DEN,LBF,1
DEN,LBL,1
DEN,LGA,4
DEN,LIH,1
DEN,LIT,2
DEN,LNK,1
DEN,MAF,1
DEN,MCI,4
DEN,MCK,1
DEN,MCO,4
DEN,MDT,1
DEN,MDW,3
DEN,MEM,3
DEN,MEX,2
DEN,MFR,1
DEN,MIA,3
DEN,MKE,4
DEN,MLI,1
DEN,MOT,2
DEN,MRY,1
DEN,MSN,2
DEN,MSO,1
DEN,MSP,6
DEN,MSY,5
DEN,MTJ,1
DEN,OAK,1
DEN,OGG,1
DEN,OKC,4
DEN,OMA,4
DEN,ONT,3
DEN,ORD,4
DEN,PDX,3
DEN,PGA,1
DEN,PHF,1
DEN,PHL,4
DEN,PHX,7
DEN,PIA,1
DEN,PIR,3
DEN,PIT,2
DEN,PSC,1
DEN,PSP,2
DEN,PUB,1
DEN,PVR,2
DEN,RAP,1
DEN,RDM,1
DEN,RDU,1
DEN,RIW,1
DEN,RKS,1
DEN,RNO,2
DEN,RSW,2
DEN,SAF,1
DEN,SAN,4
DEN,SAT,3
DEN,SBA,2
DEN,SDF,2
DEN,SEA,5
DEN,SFO,3
DEN,SGF,1
DEN,SGU,1
DEN,SHR,1
DEN,SHV,1
DEN,SJC,2
DEN,SJD,3
DEN,SLC,5
DEN,SMF,3
DEN,SNA,4
DEN,STL,3
DEN,TPA,4
DEN,TUL,2
DEN,TUS,3
DEN,TYS,2
DEN,XNA,1
DEN,YEG,2
DEN,YMM,2
DEN,YQR,2
DEN,YUL,2
DEN,YVR,2
DEN,YWG,2
DEN,YXE,2
DEN,YYC,2
DEN,YYZ,2
DFW,ABI,2
DFW,ABQ,2
DFW,ACT,2
DFW,AEX,2
DFW,AGU,2
DFW,AMA,2
DFW,ATL,10
DFW,AUS,3
DFW,BDL,2
DFW,BHM,2
DFW,BJX,2
DFW,BMI,2
DFW,BNA,2
DFW,BOS,4
DFW,BPT,2
DFW,BRO,2
DFW,BTR,2
DFW,BWI,3
DFW,CAE,2
DFW,CHA,2
DFW,CHS,2
DFW,CID,2
DFW,CLE,3
DFW,CLL,2
DFW,CLT,2
DFW,CMH,2
DFW,CMI,2
DFW,COS,2
DFW,COU,2
DFW,CRP,2
DFW,CUN,4
DFW,CUU,2
DFW,CVG,3
DFW,CZM,2
DFW,DAY,2
DFW,DCA,2
DFW,DEN,5
DFW,DRO,2
DFW,DSM,2
DFW,DTW,4
DFW,ELP,2
DFW,EVV,2
DFW,EWR,3
DFW,FAR,2
DFW,FAT,2
DFW,FLL,3
DFW,FSD,2
DFW,FSM,2
DFW,FWA,2
DFW,GCK,2
DFW,GDL,2
DFW,GGG,2
DFW,GJT,2
DFW,GPT,2
DFW,GRI,2
DFW,GRK,2
DFW,GRR,2
DFW,GSO,2
DFW,GSP,2
DFW,HNL,2
DFW,HOU,2
DFW,HSV,2
DFW,IAD,3
DFW,IAH,3
DFW,ICT,2
DFW,IND,2
DFW,JAN,2
DFW,JAX,2
DFW,JFK,3
DFW,JLN,2
DFW,LAS,3
DFW,LAW,2
DFW,LAX,6
DFW,LBB,2
DFW,LCH,2
DFW,LEX,2
DFW,LFT,2
DFW,LGA,4
DFW,LIT,2
DFW,LRD,2
DFW,MAF,2
DFW,MCI,2
DFW,MCO,3
DFW,MEM,3
DFW,MEX,5
DFW,MFE,2
DFW,MGM,2
DFW,MHK,2
DFW,MIA,2
DFW,MKE,2
DFW,MLI,2
DFW,MLM,3
DFW,MLU,2
DFW,MOB,2
DFW,MSN,2
DFW,MSP,5
DFW,MSY,6
DFW,MTY,2
DFW,MYR,1
DFW,MZT,2
DFW,OAK,1
DFW,OGG,2
DFW,OKC,2
DFW,OMA,2
DFW,ONT,2
DFW,ORD,4
DFW,ORF,2
DFW,PBC,2
DFW,PBI,2
DFW,PDX,4
DFW,PHL,3
DFW,PHX,3
DFW,PIA,2
DFW,PIT,2
DFW,PNS,2
DFW,PSP,2
DFW,PVR,2
DFW,QRO,2
DFW,RAP,2
DFW,RDU,2
DFW,RIC,2
DFW,RNO,2
DFW,ROW,2
DFW,RSW,3
DFW,SAF,2
DFW,SAN,4
DFW,SAT,2
DFW,SAV,2
DFW,SDF,2
DFW,SEA,3
DFW,SFO,5
DFW,SGF,2
DFW,SHV,2
DFW,SJC,2
DFW,SJD,3
DFW,SJT,2
DFW,SLC,3
DFW,SLP,2
DFW,SMF,2
DFW,SNA,3
DFW,SPS,2
DFW,STL,2
DFW,TLH,2
DFW,TPA,3
DFW,TRC,2
DFW,TUL,2
DFW,TUS,2
DFW,TXK,2
DFW,TYR,2
DFW,TYS,2
DFW,VPS,2
DFW,XNA,2
DFW,YEG,2
DFW,YUL,3
DFW,YVR,3
DFW,YYC,4
DFW,YYZ,5
DFW,ZCL,2
DGO,IAH,1
DGO,LAX,1
DGO,MEX,2
DGO,TIJ,1
DHN,ATL,3
DIK,DEN,1
DIK,MSP,1
DLG,AKN,1
DLG,ANC,2
DLH,AZA,1
DLH,LAS,1
DLH,MSP,1
DLH,ORD,1
DRG,BKC,2
DRG,OTZ,2
DRO,DEN,1
DRO,DFW,2
DRO,PHX,2
DSM,ATL,3
DSM,CLT,2
DSM,DCA,2
DSM,DEN,2
DSM,DFW,2
DSM,DTW,1
DSM,EWR,1
DSM,IAH,1
DSM,LAS,2
DSM,LGA,1
DSM,MDW,2
DSM,MSP,1
DSM,ORD,3
DSM,PGD,1
DSM,PHX,3
DSM,PIE,1
DSM,SFB,1
DTW,ABE,1
DTW,ACY,1
DTW,ALB,1
DTW,APN,1
DTW,ATL,8
DTW,ATW,1
DTW,AUS,1
DTW,AVL,1
DTW,AVP,1
DTW,AZO,1
DTW,BDL,1
DTW,BGM,1
DTW,BGR,1
DTW,BHM,1
DTW,BMI,1
DTW,BNA,2
DTW,BOS,2
DTW,BTV,1
DTW,BUF,1
DTW,BWI,3
DTW,CAE,1
DTW,CAK,1
DTW,CHA,1
DTW,CHS,1
DTW,CID,1
DTW,CIU,1
DTW,CLE,1
DTW,CLT,3
DTW,CMH,1
DTW,CRW,1
DTW,CUN,3
DTW,CVG,1
DTW,CWA,1
DTW,DAY,1
DTW,DCA,3
DTW,DEN,5
DTW,DFW,4
DTW,DSM,1
DTW,ELM,1
DTW,ERI,1
DTW,ESC,1
DTW,EVV,1
DTW,EWR,2
DTW,FLL,2
DTW,FWA,1
DTW,GRB,1
DTW,GRR,1
DTW,GSO,1
DTW,GSP,1
DTW,HPN,1
DTW,HSV,1
DTW,IAD,2
DTW,IAH,3
DTW,ILG,1
DTW,IND,1
DTW,ITH,1
DTW,JAX,1
DTW,JFK,1
DTW,LAN,1
DTW,LAS,3
DTW,LAX,3
DTW,LEX,1
DTW,LGA,4
DTW,LIT,1
DTW,MBS,1
DTW,MCI,1
DTW,MCO,2
DTW,MDT,1
DTW,MDW,3
DTW,MEM,1
DTW,MEX,2
DTW,MHT,1
DTW,MIA,3
DTW,MKE,1
DTW,MLI,1
DTW,MQT,1
DTW,MSN,1
DTW,MSP,1
DTW,MSY,4
DTW,MTY,2
DTW,MYR,2
DTW,OKC,1
DTW,OMA,1
DTW,ORD,4
DTW,ORF,1
DTW,PBI,1
DTW,PDX,2
DTW,PHL,3
DTW,PHX,4
DTW,PIA,1
DTW,PIT,1
DTW,PLN,1
DTW,PVD,1
DTW,RDU,1
DTW,RIC,1
DTW,ROA,1
DTW,ROC,1
DTW,RSW,2
DTW,SAN,2
DTW,SAT,1
DTW,SAV,1
DTW,SBN,1
DTW,SCE,1
DTW,SDF,1
DTW,SEA,1
DTW,SFO,1
DTW,SLC,1
DTW,STL,2
DTW,SWF,1
DTW,SYR,1
DTW,TPA,2
DTW,TTN,1
DTW,TUL,1
DTW,TVC,1
DTW,TYS,1
DTW,XNA,1
DTW,YOW,1
DTW,YUL,4
DTW,YYZ,4
DUJ,CLE,1
DUJ,FKL,1
DUT,AKB,1
DUT,KQA,1
EAT,SEA,1
EAU,ORD,1
ECP,ATL,3
ECP,BNA,1
ECP,BWI,1
ECP,HOU,1
ECP,STL,1
EGE,DEN,1
EKO,SLC,1
ELD,DAL,1
ELD,HOT,1
ELI,GLV,1
ELI,KKA,2
ELI,OME,2
ELM,DTW,1
ELM,ORD,1
ELM,PHL,2
ELM,PIE,1
ELM,SFB,1
ELP,ATL,3
ELP,AUS,1
ELP,DAL,1
ELP,DEN,1
ELP,DFW,2
ELP,HOU,1
ELP,IAH,1
ELP,LAS,1
ELP,LAX,5
ELP,ORD,2
ELP,PHX,3
ELP,SAT,2
EMK,AUK,1
EMK,BET,1
EMK,KOT,2
ENA,ANC,3
ERI,CLE,1
ERI,DTW,1
ERI,PHL,2
ESC,DTW,1
EUG,AZA,1
EUG,DEN,2
EUG,LAS,1
EUG,LAX,3
EUG,OAK,1
EUG,PDX,3
EUG,SEA,1
EUG,SFO,1
EUG,SLC,1
EVV,ATL,4
EVV,DFW,2
EVV,DTW,1
EVV,ORD,2
EWB,ACK,1
EWB,MVY,1
EWN,ATL,3
EWN,CLT,2
EWR,ALB,1
EWR,ATL,7
EWR,AUS,2
EWR,BNA,3
EWR,BOS,2
EWR,BTV,1
EWR,BUF,1
EWR,BWI,1
EWR,CHS,1
EWR,CLE,1
EWR,CLT,3
EWR,CMH,1
EWR,CUN,1
EWR,CVG,2
EWR,DAY,1
EWR,DCA,1
EWR,DEN,2
EWR,DFW,3
EWR,DSM,1
EWR,DTW,2
EWR,FLL,2
EWR,GRR,1
EWR,GSO,1
EWR,GSP,1
EWR,HNL,1
EWR,HOU,1
EWR,IAD,1
EWR,IAH,1
EWR,IND,1
EWR,ITH,1
EWR,JAX,1
EWR,LAS,1
EWR,LAX,2
EWR,MCI,1
EWR,MCO,2
EWR,MDW,2
EWR,MEM,1
EWR,MEX,1
EWR,MHT,1
EWR,MIA,3
EWR,MKE,1
EWR,MSN,1
EWR,MSP,2
EWR,MSY,5
EWR,MYR,1
EWR,OKC,1
EWR,OMA,1
EWR,ORD,3
EWR,ORF,1
EWR,PBI,2
EWR,PDX,1
EWR,PHL,2
EWR,PHX,4
EWR,PIT,1
EWR,PVD,1
EWR,PVR,1
EWR,RDU,1
EWR,RIC,1
EWR,ROC,1
EWR,RSW,2
EWR,SAN,1
EWR,SAT,1
EWR,SAV,1
EWR,SDF,1
EWR,SEA,3
EWR,SFO,2
EWR,SJD,1
EWR,SLC,1
EWR,SNA,1
EWR,STL,2
EWR,SYR,1
EWR,TPA,2
EWR,TUL,1
EWR,TYS,1
EWR,XNA,1
EWR,YEG,2
EWR,YHZ,1
EWR,YOW,1
EWR,YQB,1
EWR,YQM,1
EWR,YTZ,1
EWR,YUL,2
EWR,YVR,3
EWR,YYC,1
EWR,YYT,1
EWR,YYZ,2
EYW,ATL,3
EYW,FLL,2
EYW,LGA,1
EYW,MCO,1
EYW,MIA,2
EYW,MSY,1
EYW,RSW,2
EYW,TPA,4
FAI,AET,1
FAI,AKP,1
FAI,ANC,2
FAI,BTT,1
FAI,FYU,2
FAI,GAL,2
FAI,HKB,1
FAI,RBY,2
FAI,SCC,2
FAI,SEA,1
FAR,ATL,1
FAR,AZA,1
FAR,DEN,2
FAR,DFW,2
FAR,LAS,1
FAR,MSP,1
FAR,ORD,3
FAR,PIE,1
FAR,SFB,1
FAR,SLC,1
FAT,DEN,2
FAT,DFW,2
FAT,GDL,3
FAT,LAS,2
FAT,LAX,4
FAT,PDX,1
FAT,PHX,2
FAT,SAN,1
FAT,SEA,1
FAT,SFO,1
FAT,SLC,1
FAY,ATL,3
FAY,CLT,2
FAY,DCA,2
FAY,IAD,1
FCA,DEN,1
FCA,LAS,1
FCA,MSP,1
FCA,SEA,1
FCA,SLC,1
FKL,CLE,1
FKL,DUJ,1
FLG,PHX,2
FLL,ACY,1
FLL,ALB,1
FLL,ATL,8
FLL,AUS,3
FLL,AVL,1
FLL,BDL,2
FLL,BNA,1
FLL,BOS,2
FLL,BUF,1
FLL,BWI,3
FLL,CLE,1
FLL,CLT,2
FLL,CMH,1
FLL,CUN,2
FLL,CVG,1
FLL,DCA,3
FLL,DEN,4
FLL,DFW,3
FLL,DTW,2
FLL,EWR,2
FLL,EYW,2
FLL,GSP,1
FLL,HOU,2
FLL,HPN,1
FLL,IAD,1
FLL,IAG,1
FLL,IAH,1
FLL,IND,1
FLL,ISP,1
FLL,JAX,1
FLL,JFK,2
FLL,LAS,2
FLL,LAX,3
FLL,LBE,1
FLL,LEX,1
FLL,LGA,3
FLL,MCI,1
FLL,MCO,3
FLL,MDW,1
FLL,MKE,2
FLL,MSP,1
FLL,MSY,2
FLL,MYR,1
FLL,ORD,4
FLL,ORH,1
FLL,PBG,2
FLL,PHL,3
FLL,PHX,4
FLL,PIT,1
FLL,PVD,2
FLL,RDU,3
FLL,RIC,1
FLL,SEA,1
FLL,SFO,4
FLL,STL,1
FLL,SWF,1
FLL,TLC,1
FLL,TPA,5
FLL,TTN,1
FLL,TYS,1
FLL,YUL,3
FLL,YYZ,4
FLO,CLT,2
FMN,ALS,3
FMN,DEN,3
FMN,SOW,3
FNT,ATL,3
FNT,BWI,2
FNT,CLE,1
FNT,LAS,1
FNT,MCO,2
FNT,MSP,1
FNT,ORD,2
FNT,TPA,2
FOE,ORD,1
FSD,ATL,1
FSD,AZA,1
FSD,DEN,2
FSD,DFW,2
FSD,LAS,1
FSD,MSP,1
FSD,ORD,3
FSD,PIE,1
FSD,SFB,1
FSM,ATL,3
FSM,DFW,2
FSP,YHZ,1
FSP,YUL,1
FSP,YYT,1
FWA,ATL,4
FWA,AZA,1
FWA,DFW,2
FWA,DTW,1
FWA,MSP,1
FWA,MYR,1
FWA,ORD,3
FWA,PGD,1
FWA,PIE,1
FWA,SFB,1
FYU,BTI,1
FYU,FAI,2
FYU,VEE,1
GAL,FAI,1
GAL,HSL,1
GAL,KAL,2
GAL,NUL,2
GAL,RBY,1
GAM,OME,2
GAM,SVA,2
GCC,DEN,1
GCC,RKS,1
GCC,SLC,1
GCK,DFW,2
GCN,PGA,1
GDL,ATL,6
GDL,CEN,1
GDL,CJS,1
GDL,CUL,2
GDL,CUN,1
GDL,CUU,2
GDL,DFW,2
GDL,FAT,3
GDL,HMO,2
GDL,IAH,1
GDL,LAP,2
GDL,LAS,1
GDL,LAX,7
GDL,LMM,1
GDL,MDW,1
GDL,MEX,3
GDL,MID,1
GDL,MTY,4
GDL,MXL,1
GDL,MZT,1
GDL,OAK,1
GDL,ONT,3
GDL,ORD,2
GDL,PBC,1
GDL,PHX,3
GDL,PVR,1
GDL,SAT,2
GDL,SFO,3
GDL,SJC,4
GDL,SJD,2
GDL,SLC,1
GDL,SMF,3
GDL,SNA,1
GDL,TGZ,1
GDL,TIJ,3
GDL,TLC,2
GDL,TRC,1
GDL,VER,1
GDV,BIL,1
GEG,BOI,1
GEG,DEN,4
GEG,LAS,1
GEG,LAX,1
GEG,MSP,1
GEG,OAK,1
GEG,PDX,1
GEG,PHX,3
GEG,SEA,1
GEG,SLC,1
GFK,AZA,1
GFK,LAS,1
GFK,MSP,1
GFK,SFB,1
GFK,TVF,1
GGG,DFW,2
GGW,BIL,1
GJT,DEN,1
GJT,DFW,2
GJT,IAH,1
GJT,LAS,1
GJT,PHX,2
GJT,SLC,1
GLH,TUP,1
GLV,ELI,1
GLV,OME,1
GLV,WMO,2
GNV,ATL,4
GNV,CLT,2
GNV,MCO,2
GNV,MIA,2
GNV,TPA,2
GOH,JAV,1
GOH,JFR,1
GOH,JHS,1
GOH,JSU,1
GOH,SFJ,1
GOH,UAK,1
GPT,ATL,4
GPT,CLT,2
GPT,DFW,2
GPT,IAH,1
GRB,ATL,3
GRB,DTW,1
GRB,MSP,1
GRB,ORD,3
GRI,AZA,1
GRI,DFW,2
GRI,LAS,1
GRK,ATL,3
GRK,DFW,2
GRK,IAH,1
GRR,ATL,3
GRR,AZA,1
GRR,BWI,1
GRR,CLE,1
GRR,CVG,1
GRR,DEN,2
GRR,DFW,2
GRR,DTW,1
GRR,EWR,1
GRR,IAD,1
GRR,IAH,1
GRR,LAS,1
GRR,LGA,1
GRR,MCO,2
GRR,MSP,1
GRR,ORD,3
GRR,PIE,1
GRR,SFB,1
GRR,STL,2
GRR,TPA,1
GSO,ATL,5
GSO,CLT,2
GSO,DCA,2
GSO,DEN,1
GSO,DFW,2
GSO,DTW,1
GSO,EWR,1
GSO,IAD,1
GSO,LGA,3
GSO,MIA,2
GSO,ORD,1
GSO,PHL,2
GSO,PIE,1
GSO,SFB,1
GSP,ATL,5
GSP,BNA,1
GSP,BWI,1
GSP,CLE,1
GSP,CLT,2
GSP,DCA,2
GSP,DFW,2
GSP,DTW,1
GSP,EWR,1
GSP,FLL,1
GSP,HOU,1
GSP,IAD,1
GSP,IAH,1
GSP,LGA,1
GSP,MDW,2
GSP,ORD,1
GSP,PGD,1
GSP,PHL,2
GSP,PIE,1
GSP,SFB,1
GST,HNH,1
GST,JNU,2
GTF,AZA,1
GTF,DEN,1
GTF,HLN,1
GTF,LAS,1
GTF,MSP,1
GTF,SEA,1
GTF,SLC,1
GTR,ATL,3
GUC,DEN,1
HCR,ANI,1
HCR,ANV,1
HDN,DEN,1
HGR,IAD,1
HGR,SFB,1
HHH,CLT,2
HHH,DCA,2
HIB,MSP,1
HKB,FAI,1
HLN,DEN,1
HLN,GTF,1
HLN,MSP,1
HLN,SLC,1
HMO,CEN,1
HMO,CJS,1
HMO,CUL,2
HMO,CUN,1
HMO,CUU,1
HMO,GDL,2
HMO,LAX,2
HMO,LMM,1
HMO,MEX,4
HMO,MTY,1
HMO,MXL,1
HMO,PHX,4
HMO,TIJ,2
HNH,GST,1
HNH,JNU,2
HNL,ANC,1
HNL,ATL,2
HNL,BLI,1
HNL,DEN,1
HNL,DFW,2
HNL,EWR,1
HNL,IAD,1
HNL,IAH,1
HNL,ITO,2
HNL,JFK,1
HNL,JHM,1
HNL,KOA,2
HNL,LAS,2
HNL,LAX,9
HNL,LIH,4
HNL,LNY,2
HNL,MKK,2
HNL,OAK,3
HNL,OGG,5
HNL,ORD,1
HNL,PDX,2
HNL,PHX,3
HNL,SAN,2
HNL,SEA,3
HNL,SFO,3
HNL,SJC,2
HNL,SLC,1
HNL,SMF,1
HNL,YVR,3
HNM,OGG,1
HNS,JNU,2
HNS,SGY,2
HOB,IAH,1
HOM,ANC,2
HON,PIR,3
HOT,ELD,1
HOT,MEM,1
HOU,ABQ,1
HOU,ATL,6
HOU,AUS,2
HOU,BHM,1
HOU,BNA,1
HOU,BOS,2
HOU,BWI,2
HOU,CHS,2
HOU,CLT,2
HOU,CRP,2
HOU,DAL,2
HOU,DCA,1
HOU,DEN,2
HOU,DFW,2
HOU,ECP,1
HOU,ELP,1
HOU,EWR,1
HOU,FLL,1
HOU,GSP,2
HOU,HRL,2
HOU,IND,1
HOU,JAN,1
HOU,JAX,1
HOU,JFK,1
HOU,LAS,2
HOU,LAX,2
HOU,LGA,1
HOU,LIT,2
HOU,MAF,1
HOU,MCI,2
HOU,MCO,2
HOU,MDW,2
HOU,MEM,1
HOU,MSY,2
HOU,OAK,1
HOU,OKC,2
HOU,PHX,2
HOU,PIT,1
HOU,PNS,1
HOU,RDU,2
HOU,SAN,1
HOU,SAT,1
HOU,SNA,2
HOU,STL,1
HOU,TPA,2
HOU,TUL,2
HPB,VAK,1
HPN,ACK,1
HPN,ATL,3
HPN,CLT,2
HPN,DCA,2
HPN,DTW,1
HPN,FLL,1
HPN,LEB,1
HPN,MCO,2
HPN,MVY,1
HPN,ORD,3
HPN,PBI,1
HPN,PHL,2
HPN,RSW,1
HPN,TPA,1
HRL,AUS,1
HRL,DAL,1
HRL,HOU,2
HRL,IAH,1
HRL,SAT,1
HRO,MCI,1
HRO,MEM,1
HSL,GAL,1
HSV,ATL,5
HSV,CLT,2
HSV,DCA,2
HSV,DEN,1
HSV,DFW,2
HSV,DTW,1
HSV,IAD,1
HSV,IAH,1
HSV,ORD,3
HTS,CLT,2
HTS,MYR,1
HTS,PIE,1
HTS,SFB,1
HUX,IAH,1
HUX,MEX,2
HVN,PHL,2
HVR,BIL,1
HYA,ACK,1
HYA,BOS,1
IAD,ALB,1
IAD,AOO,1
IAD,ATL,9
IAD,AUS,1
IAD,BDL,1
IAD,BGM,1
IAD,BKW,1
IAD,BNA,1
IAD,BOS,2
IAD,BTV,1
IAD,BUF,1
IAD,CAE,1
IAD,CHO,1
IAD,CHS,1
IAD,CLE,1
IAD,CLT,3
IAD,CMH,1
IAD,COS,1
IAD,CUN,1
IAD,CVG,1
IAD,DAY,1
IAD,DEN,3
IAD,DFW,3
IAD,DTW,2
IAD,EWR,1
IAD,FAY,1
IAD,FLL,1
IAD,GRR,1
IAD,GSO,1
IAD,GSP,1
IAD,HGR,1
IAD,HNL,1
IAD,HSV,1
IAD,IAH,1
IAD,IND,1
IAD,JAX,1
IAD,JFK,3
IAD,JST,1
IAD,LAS,1
IAD,LAX,4
IAD,LGA,1
IAD,LGB,1
IAD,LNS,1
IAD,LWB,1
IAD,MCI,1
IAD,MCO,1
IAD,MDT,1
IAD,MDW,2
IAD,MEX,3
IAD,MGW,1
IAD,MIA,3
IAD,MSP,2
IAD,MSY,3
IAD,OKC,1
IAD,ORD,1
IAD,ORF,1
IAD,PDX,1
IAD,PHL,1
IAD,PHX,1
IAD,PIT,1
IAD,PVD,1
IAD,RDU,1
IAD,RIC,1
IAD,ROA,1
IAD,ROC,1
IAD,SAN,1
IAD,SAT,1
IAD,SAV,1
IAD,SCE,1
IAD,SDF,1
IAD,SEA,1
IAD,SFO,2
IAD,SHD,1
IAD,SMF,1
IAD,STL,1
IAD,SYR,1
IAD,TPA,2
IAD,TUL,1
IAD,TYS,1
IAD,YOW,2
IAD,YTZ,1
IAD,YUL,2
IAD,YYZ,2
IAG,FLL,1
IAG,MYR,1
IAG,PGD,1
IAG,PIE,1
IAG,SFB,1
IAH,ABQ,1
IAH,ACA,1
IAH,ACY,1
IAH,AEX,1
IAH,AGU,1
IAH,AMA,1
IAH,ATL,9
IAH,AUS,1
IAH,BFL,1
IAH,BHM,1
IAH,BJX,1
IAH,BNA,1
IAH,BOS,1
IAH,BRO,1
IAH,BTR,1
IAH,BWI,1
IAH,CAE,1
IAH,CHS,1
IAH,CLE,1
IAH,CLL,1
IAH,CLT,3
IAH,CME,1
IAH,CMH,1
IAH,COS,1
IAH,CRP,1
IAH,CUN,2
IAH,CUU,1
IAH,CVG,2
IAH,CZM,1
IAH,DAL,1
IAH,DCA,1
IAH,DEN,3
IAH,DFW,3
IAH,DGO,1
IAH,DSM,1
IAH,DTW,3
IAH,ELP,1
IAH,EWR,1
IAH,FLL,1
IAH,GDL,1
IAH,GJT,1
IAH,GPT,1
IAH,GRK,1
IAH,GRR,1
IAH,GSP,1
IAH,HNL,1
IAH,HOB,1
IAH,HRL,1
IAH,HSV,1
IAH,HUX,1
IAH,IAD,1
IAH,ICT,1
IAH,IND,1
IAH,JAN,1
IAH,JAX,1
IAH,LAS,2
IAH,LAX,5
IAH,LBB,1
IAH,LCH,1
IAH,LEX,1
IAH,LFT,1
IAH,LGA,2
IAH,LIT,1
IAH,LRD,1
IAH,MAF,1
IAH,MCI,1
IAH,MCO,2
IAH,MEM,2
IAH,MEX,4
IAH,MFE,1
IAH,MIA,3
IAH,MID,1
IAH,MKE,1
IAH,MLM,1
IAH,MLU,1
IAH,MOB,1
IAH,MSP,3
IAH,MSY,4
IAH,MTY,1
IAH,OAX,1
IAH,OKC,1
IAH,OMA,1
IAH,ONT,1
IAH,ORD,4
IAH,ORF,1
IAH,PBC,1
IAH,PBI,1
IAH,PDX,1
IAH,PHL,3
IAH,PHX,3
IAH,PIT,1
IAH,PNS,1
IAH,PSP,1
IAH,PVR,1
IAH,QRO,1
IAH,RDU,1
IAH,RIC,1
IAH,RSW,1
IAH,SAN,1
IAH,SAT,1
IAH,SAV,1
IAH,SDF,1
IAH,SEA,3
IAH,SFO,2
IAH,SHV,1
IAH,SJC,1
IAH,SJD,1
IAH,SLC,2
IAH,SLP,1
IAH,SLW,1
IAH,SMF,1
IAH,SNA,1
IAH,STL,1
IAH,TAM,1
IAH,TPA,1
IAH,TRC,1
IAH,TUL,1
IAH,TUS,1
IAH,TYR,1
IAH,TYS,1
IAH,VCT,1
IAH,VER,1
IAH,VPS,1
IAH,VSA,1
IAH,XNA,1
IAH,YEG,2
IAH,YUL,2
IAH,YVR,1
IAH,YYC,2
IAH,YYZ,2
IAH,ZIH,1
IAH,ZLO,1
IAN,ORV,2
IAN,OTZ,2
ICT,ATL,4
ICT,AZA,1
ICT,DAL,2
ICT,DEN,1
ICT,DFW,2
ICT,IAH,1
ICT,LAS,2
ICT,LAX,1
ICT,MDW,2
ICT,MSP,1
ICT,ORD,3
IDA,AZA,1
IDA,DEN,1
IDA,LAS,1
IDA,SLC,1
ILG,DEN,1
ILG,DTW,1
ILG,MCO,1
ILG,MDW,1
ILG,RSW,1
ILG,TPA,1
ILI,ANC,1
ILM,ATL,4
ILM,CLT,2
ILM,DCA,2
ILM,LGA,3
ILM,PHL,2
IMT,MSP,1
IMT,RHI,1
IND,ATL,9
IND,BOS,1
IND,BWI,2
IND,CLE,1
IND,CLT,2
IND,CUN,2
IND,DCA,2
IND,DEN,4
IND,DFW,2
IND,DTW,1
IND,EWR,1
IND,FLL,1
IND,HOU,1
IND,IAD,1
IND,IAH,1
IND,JFK,3
IND,LAS,2
IND,LAX,4
IND,LGA,1
IND,MCI,2
IND,MCO,3
IND,MEM,1
IND,MIA,2
IND,MSP,1
IND,ORD,3
IND,PHL,2
IND,PHX,3
IND,RDU,1
IND,RSW,2
IND,SFO,1
IND,SLC,1
IND,TPA,3
IND,TTN,1
IND,YYZ,1
INL,BRD,1
INL,MSP,1
IPL,BUR,1
IPL,SAN,1
IPT,PHL,2
IRK,STL,1
ISN,DEN,1
ISN,MSP,1
ISP,BOS,2
ISP,BWI,2
ISP,DCA,2
ISP,FLL,2
ISP,MCO,2
ISP,PBI,1
ISP,PGD,1
ISP,PHL,2
ISP,TPA,2
ITH,DTW,1
ITH,EWR,1
ITH,PHL,2
ITO,HNL,2
ITO,LAX,1
ITO,OGG,1
JAC,DEN,1
JAC,SLC,1
JAL,MEX,2
JAN,ATL,5
JAN,CLT,2
JAN,DCA,2
JAN,DFW,2
JAN,HOU,2
JAN,IAH,1
JAN,MCO,2
JAN,MDW,1
JAN,ORD,1
JAV,GOH,1
JAV,JEG,1
JAV,JQA,1
JAV,JUV,1
JAV,SFJ,1
JAX,ATL,9
JAX,BNA,1
JAX,BOS,2
JAX,BWI,2
JAX,CLT,2
JAX,CVG,1
JAX,DCA,2
JAX,DEN,1
JAX,DFW,2
JAX,DTW,1
JAX,EWR,1
JAX,FLL,1
JAX,HOU,1
JAX,IAD,1
JAX,IAH,1
JAX,JFK,2
JAX,LAS,1
JAX,LGA,1
JAX,MDW,1
JAX,MIA,2
JAX,MSP,1
JAX,ORD,3
JAX,PHL,2
JAX,TPA,2
JBR,STL,1
JEG,JAV,1
JEG,JHS,1
JEG,SFJ,1
JFK,ABQ,1
JFK,ATL,7
JFK,AUS,4
JFK,BNA,3
JFK,BOS,4
JFK,BTV,1
JFK,BUF,2
JFK,BUR,1
JFK,BWI,3
JFK,CHS,2
JFK,CLE,3
JFK,CLT,4
JFK,CMH,3
JFK,CUN,5
JFK,CVG,3
JFK,DCA,3
JFK,DEN,2
JFK,DFW,3
JFK,DTW,1
JFK,FLL,2
JFK,HNL,1
JFK,HOU,1
JFK,IAD,3
JFK,IND,3
JFK,JAX,2
JFK,LAS,8
JFK,LAX,8
JFK,LGB,1
JFK,MCO,4
JFK,MEX,4
JFK,MIA,3
JFK,MSP,2
JFK,MSY,11
JFK,OAK,1
JFK,ORD,5
JFK,ORF,3
JFK,PBI,1
JFK,PDX,2
JFK,PHL,1
JFK,PHX,4
JFK,PIT,3
JFK,PWM,1
JFK,RDU,4
JFK,RIC,1
JFK,ROC,2
JFK,RSW,1
JFK,SAN,6
JFK,SAT,1
JFK,SAV,2
JFK,SDF,1
JFK,SEA,5
JFK,SFO,7
JFK,SJC,1
JFK,SLC,2
JFK,SMF,1
JFK,SRQ,1
JFK,STL,1
JFK,SYR,2
JFK,TPA,4
JFK,YUL,6
JFK,YVR,1
JFK,YYC,3
JFK,YYZ,7
JFR,GOH,1
JFR,UAK,1
JHM,HNL,1
JHM,KOA,1
JHS,GOH,1
JHS,JEG,1
JHS,SFJ,1
JHW,BFD,1
JHW,CLE,1
JJU,JNN,1
JJU,JNS,1
JJU,LLU,1
JJU,UAK,1
JLN,DFW,2
JNN,JJU,1
JNN,LLU,1
JNS,JJU,1
JNS,UAK,1
JNU,ANC,1
JNU,GST,2
JNU,HNH,2
JNU,HNS,2
JNU,KTN,3
JNU,PSG,1
JNU,SEA,1
JNU,SGY,2
JNU,SIT,1
JNU,YAK,1
JQA,JAV,1
JQA,UMD,1
JST,AOO,1
JST,IAD,1
JSU,GOH,1
JSU,SFJ,1
JUV,JAV,1
JUV,NAQ,1
KAL,GAL,1
KAL,NUL,1
KFP,CDB,1
KKA,ELI,1
KKA,OME,1
KKA,SKK,2
KKH,BET,1
KKH,KWK,1
KLG,ANI,1
KLG,BET,1
KLG,RSH,1
KLW,KTN,1
KOA,DEN,1
KOA,HNL,2
KOA,JHM,1
KOA,LAX,5
KOA,OAK,2
KOA,OGG,2
KOA,PHX,2
KOA,SEA,1
KOA,SFO,1
KOA,SJC,2
KOA,YVR,1
KOT,EMK,1
KOT,KSM,1
KPN,CYF,1
KQA,DUT,1
KSM,ANC,2
KSM,KOT,1
KSM,MOU,1
KTN,JNU,2
KTN,KLW,1
KTN,MTM,2
KTN,SEA,3
KTN,SIT,2
KTN,WRG,1
KTS,OME,1
KTS,TLA,1
KTS,WAA,2
KVC,CDB,1
KVL,OTZ,2
KWK,BET,1
KWK,KKH,1
KWN,BET,1
KWN,TOG,1
KWT,BET,1
LAM,ABQ,1
LAN,ATL,2
LAN,DCA,1
LAN,DTW,1
LAN,MSP,2
LAN,ORD,1
LAN,SFB,1
LAP,GDL,2
LAP,MEX,3
LAP,TIJ,1
LAR,DEN,1
LAS,ABQ,1
LAS,ALB,1
LAS,AMA,1
LAS,ANC,1
LAS,ATL,7
LAS,ATW,1
LAS,AUS,3
LAS,AZA,1
LAS,BDL,1
LAS,BHM,1
LAS,BIL,1
LAS,BIS,1
LAS,BLI,2
LAS,BNA,1
LAS,BOI,2
LAS,BOS,2
LAS,BUF,1
LAS,BUR,2
LAS,BWI,3
LAS,BZN,1
LAS,CID,1
LAS,CLE,2
LAS,CLT,2
LAS,CMH,1
LAS,COS,1
LAS,CPR,1
LAS,CVG,1
LAS,DCA,2
LAS,DEN,5
LAS,DFW,3
LAS,DLH,1
LAS,DSM,2
LAS,DTW,3
LAS,ELP,1
LAS,EUG,1
LAS,EWR,1
LAS,FAR,1
LAS,FAT,2
LAS,FCA,1
LAS,FLL,2
LAS,FNT,1
LAS,FSD,1
LAS,GDL,1
LAS,GEG,1
LAS,GFK,1
LAS,GJT,1
LAS,GRI,1
LAS,GRR,1
LAS,GTF,1
LAS,HNL,2
LAS,HOU,2
LAS,IAD,1
LAS,IAH,2
LAS,ICT,2
LAS,IDA,1
LAS,IND,2
LAS,JAX,1
LAS,JFK,8
LAS,LAX,9
LAS,LBB,1
LAS,LGB,1
LAS,LIT,1
LAS,LRD,1
LAS,MAF,1
LAS,MCI,1
LAS,MCO,2
LAS,MDW,2
LAS,MEM,1
LAS,MEX,3
LAS,MFE,1
LAS,MFR,1
LAS,MIA,2
LAS,MKE,2
LAS,MLI,1
LAS,MOT,1
LAS,MRY,1
LAS,MSO,1
LAS,MSP,3
LAS,MSY,1
LAS,MTY,3
LAS,OAK,3
LAS,OKC,1
LAS,OMA,1
LAS,ONT,1
LAS,ORD,4
LAS,PDX,3
LAS,PHL,4
LAS,PHX,4
LAS,PIA,1
LAS,PIT,1
LAS,PSC,1
LAS,PSP,1
LAS,PVD,1
LAS,RAP,1
LAS,RDU,3
LAS,RFD,1
LAS,RNO,3
LAS,SAN,3
LAS,SAT,2
LAS,SBN,1
LAS,SCK,1
LAS,SDF,1
LAS,SEA,4
LAS,SFO,4
LAS,SGF,1
LAS,SHV,1
LAS,SJC,1
LAS,SLC,3
LAS,SMF,2
LAS,SMX,1
LAS,SNA,2
LAS,STL,1
LAS,TLC,1
LAS,TPA,2
LAS,TUL,1
LAS,TUS,2
LAS,XNA,1
LAS,YEG,2
LAS,YQR,1
LAS,YUL,2
LAS,YVR,4
LAS,YWG,1
LAS,YXE,1
LAS,YYC,4
LAS,YYJ,1
LAS,YYZ,4
LAW,DFW,2
LAX,ABQ,5
LAX,AGU,1
LAX,ANC,2
LAX,ASE,1
LAX,ATL,9
LAX,AUS,5
LAX,BDL,3
LAX,BFL,1
LAX,BJX,3
LAX,BLI,1
LAX,BNA,5
LAX,BOI,1
LAX,BOS,7
LAX,BWI,2
LAX,CLD,1
LAX,CLE,1
LAX,CLT,2
LAX,CMH,4
LAX,COS,1
LAX,CUN,4
LAX,CVG,1
LAX,DCA,4
LAX,DEN,7
LAX,DFW,6
LAX,DGO,1
LAX,DTW,2
LAX,ELP,4
LAX,EUG,3
LAX,EWR,2
LAX,FAT,4
LAX,FLL,3
LAX,GDL,7
LAX,GEG,1
LAX,HMO,2
LAX,HNL,7
LAX,HOU,2
LAX,IAD,4
LAX,IAH,5
LAX,ICT,1
LAX,IND,4
LAX,ITO,1
LAX,JFK,8
LAX,KOA,6
LAX,LAS,9
LAX,LIH,5
LAX,LTO,1
LAX,MCE,1
LAX,MCI,2
LAX,MCO,6
LAX,MDW,2
LAX,MEM,1
LAX,MEX,7
LAX,MFR,3
LAX,MIA,4
LAX,MKE,2
LAX,MLM,1
LAX,MMH,2
LAX,MRY,4
LAX,MSP,6
LAX,MSY,9
LAX,MZT,2
LAX,OAK,3
LAX,OGG,8
LAX,OKC,4
LAX,ORD,7
LAX,PBI,2
LAX,PDX,4
LAX,PHL,3
LAX,PHX,6
LAX,PIT,4
LAX,PRC,1
LAX,PSP,1
LAX,PVR,4
LAX,PVU,1
LAX,RDM,2
LAX,RDU,4
LAX,RNO,6
LAX,SAF,3
LAX,SAN,5
LAX,SAT,2
LAX,SBA,1
LAX,SBP,1
LAX,SEA,5
LAX,SFO,7
LAX,SJC,6
LAX,SJD,5
LAX,SLC,5
LAX,SMF,6
LAX,SMX,1
LAX,STL,4
LAX,STS,2
LAX,TPA,1
LAX,TUS,5
LAX,UPN,1
LAX,VIS,1
LAX,XNA,2
LAX,YEG,3
LAX,YLW,2
LAX,YUL,2
LAX,YUM,1
LAX,YVR,5
LAX,YYC,4
LAX,YYZ,5
LAX,ZCL,1
LAX,ZIH,2
LAX,ZLO,2
LBB,AUS,1
LBB,DAL,2
LBB,DEN,1
LBB,DFW,2
LBB,IAH,1
LBB,LAS,2
LBE,FLL,1
LBE,MCO,1
LBE,MYR,1
LBF,DEN,1
LBL,DDC,3
LBL,DEN,3
LCH,DFW,2
LCH,IAH,1
LCK,PIE,1
LCK,SFB,1
LEB,BOS,1
LEB,HPN,1
LEX,ATL,4
LEX,CLT,2
LEX,DCA,1
LEX,DFW,2
LEX,DTW,1
LEX,FLL,1
LEX,IAH,1
LEX,LGA,1
LEX,MSP,1
LEX,ORD,3
LEX,PGD,1
LEX,PIE,1
LEX,SFB,1
LFT,ATL,3
LFT,DFW,2
LFT,IAH,1
LGA,ATL,7
LGA,BGR,1
LGA,BHM,1
LGA,BNA,4
LGA,BOS,3
LGA,BTV,1
LGA,BUF,1
LGA,CAE,1
LGA,CAK,2
LGA,CHO,3
LGA,CHS,1
LGA,CLE,2
LGA,CLT,3
LGA,CMH,3
LGA,CVG,1
LGA,DAY,3
LGA,DCA,3
LGA,DEN,4
LGA,DFW,4
LGA,DSM,1
LGA,DTW,4
LGA,EYW,1
LGA,FLL,3
LGA,GRR,1
LGA,GSO,3
LGA,GSP,1
LGA,HOU,1
LGA,IAD,1
LGA,IAH,2
LGA,ILM,3
LGA,IND,1
LGA,JAX,1
LGA,LEX,1
LGA,LIT,2
LGA,MCI,1
LGA,MCO,2
LGA,MDW,2
LGA,MEM,1
LGA,MHT,1
LGA,MIA,3
LGA,MKE,2
LGA,MSN,1
LGA,MSP,1
LGA,MSY,3
LGA,MYR,2
LGA,OMA,1
LGA,ORD,5
LGA,ORF,3
LGA,PBI,4
LGA,PHL,2
LGA,PIT,3
LGA,RDU,3
LGA,RIC,3
LGA,ROA,2
LGA,ROC,1
LGA,RSW,2
LGA,SAV,1
LGA,SDF,3
LGA,SRQ,2
LGA,STL,4
LGA,SYR,1
LGA,TPA,2
LGA,TYS,3
LGA,XNA,2
LGA,YHZ,2
LGA,YOW,2
LGA,YUL,6
LGA,YYZ,6
LGB,AUS,1
LGB,BOS,1
LGB,IAD,1
LGB,JFK,1
LGB,LAS,1
LGB,OAK,1
LGB,PDX,3
LGB,PHX,2
LGB,SEA,3
LGB,SFO,1
LGB,SLC,2
LGB,SMF,1
LIH,DEN,1
LIH,HNL,4
LIH,LAX,5
LIH,OAK,2
LIH,OGG,1
LIH,PHX,2
LIH,SAN,1
LIH,SEA,1
LIH,SFO,1
LIH,SJC,2
LIH,YVR,1
LIT,ATL,4
LIT,BWI,2
LIT,CLT,2
LIT,DAL,2
LIT,DCA,2
LIT,DEN,2
LIT,DFW,2
LIT,DTW,1
LIT,HOU,1
LIT,IAH,1
LIT,LAS,1
LIT,LGA,2
LIT,MDW,1
LIT,ORD,3
LIT,PHX,1
LIT,SFB,1
LLU,JJU,1
LLU,JNN,1
LMM,GDL,1
LMM,HMO,1
LMM,MEX,1
LMM,MZT,1
LMM,TIJ,1
LMT,PDX,1
LMT,SFO,1
LNK,DEN,1
LNK,MSP,1
LNK,ORD,1
LNS,IAD,1
LNY,HNL,2
LNY,OGG,1
LRD,DFW,2
LRD,IAH,1
LRD,LAS,1
LSE,MSP,1
LSE,ORD,2
LTO,LAX,1
LWB,ATL,1
LWB,IAD,1
LWS,BOI,1
LWS,PUW,1
LWS,SEA,1
LWS,SLC,1
LYH,CLT,2
LZC,MEX,2
MAF,DAL,2
MAF,DEN,1
MAF,DFW,2
MAF,HOU,1
MAF,IAH,1
MAF,LAS,1
MAM,MEX,2
MBS,ATL,2
MBS,DTW,1
MBS,MSP,1
MBS,ORD,1
MCE,LAX,1
MCG,ANC,2
MCG,ANI,2
MCI,ABQ,1
MCI,ATL,8
MCI,BNA,1
MCI,BOS,1
MCI,BWI,2
MCI,CLE,1
MCI,CLT,2
MCI,CUN,1
MCI,CVG,1
MCI,DAL,2
MCI,DCA,3
MCI,DEN,4
MCI,DFW,2
MCI,DTW,1
MCI,EWR,1
MCI,FLL,1
MCI,HOU,1
MCI,HRO,1
MCI,IAD,1
MCI,IAH,1
MCI,IND,2
MCI,LAS,2
MCI,LAX,3
MCI,LGA,1
MCI,MCO,3
MCI,MDW,2
MCI,MEM,1
MCI,MKE,2
MCI,MSP,3
MCI,MSY,2
MCI,OAK,1
MCI,ORD,3
MCI,PDX,2
MCI,PHL,3
MCI,PHX,3
MCI,SAN,1
MCI,SEA,3
MCI,SFO,2
MCI,SLC,1
MCI,SLN,1
MCI,STL,2
MCI,TPA,2
MCI,YYZ,1
MCK,DEN,1
MCN,ATL,1
MCN,MCO,1
MCO,ACY,1
MCO,ALB,2
MCO,ATL,8
MCO,AUS,4
MCO,BDL,4
MCO,BHM,3
MCO,BMI,1
MCO,BNA,3
MCO,BOS,3
MCO,BUF,3
MCO,BWI,2
MCO,CAK,1
MCO,CLE,1
MCO,CLT,4
MCO,CMH,2
MCO,CUN,3
MCO,CVG,1
MCO,DAY,1
MCO,DCA,3
MCO,DEN,4
MCO,DFW,3
MCO,DTW,2
MCO,EWR,2
MCO,EYW,1
MCO,FLL,3
MCO,FNT,1
MCO,GNV,2
MCO,GRR,2
MCO,HOU,1
MCO,HPN,2
MCO,IAD,1
MCO,IAH,2
MCO,ILG,1
MCO,IND,3
MCO,ISP,2
MCO,JAN,2
MCO,JFK,4
MCO,LAS,2
MCO,LAX,6
MCO,LBE,1
MCO,LGA,2
MCO,MCI,2
MCO,MCN,1
MCO,MDT,1
MCO,MDW,2
MCO,MEM,3
MCO,MEX,3
MCO,MHT,1
MCO,MIA,2
MCO,MKE,3
MCO,MSP,4
MCO,MSY,2
MCO,OMA,1
MCO,ORD,4
MCO,ORF,2
MCO,ORH,1
MCO,PHL,4
MCO,PHX,4
MCO,PIT,3
MCO,PNS,2
MCO,PVD,3
MCO,RDU,3
MCO,RIC,3
MCO,ROC,1
MCO,RSW,2
MCO,SAN,2
MCO,SAT,3
MCO,SDF,3
MCO,SEA,2
MCO,SFO,2
MCO,SLC,1
MCO,STL,2
MCO,SWF,1
MCO,SYR,1
MCO,TLH,2
MCO,TTN,1
MCO,YHZ,2
MCO,YQM,2
MCO,YUL,2
MCO,YYC,1
MCO,YYT,2
MCO,YYZ,5
MDT,ATL,4
MDT,BOS,2
MDT,CLT,2
MDT,DEN,1
MDT,DTW,1
MDT,IAD,1
MDT,MCO,1
MDT,ORD,3
MDT,PHL,2
MDT,PIE,1
MDT,SFB,1
MDT,YYZ,1
MDW,ABQ,2
MDW,ALB,2
MDW,ATL,5
MDW,AUS,2
MDW,BDL,2
MDW,BHM,2
MDW,BJX,1
MDW,BNA,2
MDW,BOS,2
MDW,BUF,2
MDW,BWI,2
MDW,CHS,2
MDW,CLE,2
MDW,CLT,2
MDW,CMH,2
MDW,CUN,1
MDW,DEN,3
MDW,DSM,2
MDW,DTW,3
MDW,EWR,2
MDW,FLL,1
MDW,GDL,1
MDW,GSP,2
MDW,HOU,2
MDW,IAD,2
MDW,ICT,2
MDW,ILG,1
MDW,JAN,2
MDW,JAX,1
MDW,LAS,2
MDW,LAX,2
MDW,LGA,2
MDW,LIT,2
MDW,MCI,2
MDW,MCO,2
MDW,MEM,2
MDW,MHT,2
MDW,MLM,1
MDW,MSP,4
MDW,MSY,2
MDW,OAK,2
MDW,OKC,2
MDW,OMA,2
MDW,ONT,2
MDW,ORF,2
MDW,PDX,2
MDW,PHL,2
MDW,PHX,2
MDW,PIT,2
MDW,PVD,2
MDW,RDU,2
MDW,RNO,1
MDW,ROC,2
MDW,RSW,2
MDW,SAN,2
MDW,SAT,2
MDW,SDF,2
MDW,SEA,2
MDW,SFO,2
MDW,SJC,2
MDW,SLC,2
MDW,SMF,2
MDW,STL,2
MDW,TPA,2
MDW,TTN,1
MDW,TUL,2
MDW,TUS,2
MDW,YTZ,1
MDW,ZCL,1
MEI,ATL,1
MEM,ATL,7
MEM,AUS,1
MEM,BWI,2
MEM,CLT,2
MEM,CVG,1
MEM,DCA,3
MEM,DEN,3
MEM,DFW,3
MEM,DTW,1
MEM,EWR,1
MEM,HOT,1
MEM,HOU,2
MEM,HRO,1
MEM,IAH,2
MEM,IND,1
MEM,LAS,2
MEM,LAX,1
MEM,LGA,1
MEM,MCI,1
MEM,MCO,3
MEM,MDW,2
MEM,MIA,2
MEM,MKL,1
MEM,MSP,1
MEM,MSY,2
MEM,ORD,4
MEM,PIT,1
MEM,RDU,1
MEM,SAT,1
MEM,SLC,1
MEM,TPA,2
MEX,ACA,4
MEX,AGU,2
MEX,ATL,8
MEX,AUS,1
MEX,BJX,1
MEX,CEN,2
MEX,CJS,3
MEX,CLQ,2
MEX,CLT,2
MEX,CME,2
MEX,CPE,2
MEX,CTM,1
MEX,CUL,3
MEX,CUN,3
MEX,CUU,3
MEX,CVM,2
MEX,CZM,1
MEX,DEN,2
MEX,DFW,5
MEX,DGO,2
MEX,DTW,2
MEX,EWR,1
MEX,GDL,3
MEX,HMO,3
MEX,HUX,2
MEX,IAD,3
MEX,IAH,4
MEX,JAL,2
MEX,JFK,4
MEX,LAP,3
MEX,LAS,3
MEX,LAX,7
MEX,LMM,1
MEX,LZC,2
MEX,MAM,2
MEX,MCO,3
MEX,MFE,1
MEX,MIA,8
MEX,MID,4
MEX,MLM,2
MEX,MTT,2
MEX,MTY,5
MEX,MXL,2
MEX,MZT,3
MEX,NLD,1
MEX,OAX,2
MEX,ORD,6
MEX,PAZ,2
MEX,PDS,2
MEX,PHX,3
MEX,PVR,3
MEX,PXM,2
MEX,REX,2
MEX,SAN,1
MEX,SAT,4
MEX,SFO,4
MEX,SJD,3
MEX,SLP,2
MEX,SLW,1
MEX,SNA,2
MEX,TAM,2
MEX,TAP,1
MEX,TGZ,3
MEX,TIJ,4
MEX,TPQ,2
MEX,TRC,2
MEX,VER,3
MEX,VSA,3
MEX,YUL,1
MEX,YVR,1
MEX,YYZ,2
MEX,ZCL,2
MEX,ZIH,3
MEX,ZLO,3
MFE,DFW,2
MFE,IAH,1
MFE,LAS,1
MFE,MEX,1
MFE,SLP,1
MFR,DEN,1
MFR,LAS,1
MFR,LAX,3
MFR,PDX,1
MFR,SEA,1
MFR,SFO,1
MFR,SLC,1
MGM,ATL,3
MGM,CLT,2
MGM,DFW,2
MGW,CKB,1
MGW,IAD,1
MHK,DFW,2
MHK,ORD,2
MHT,ATL,2
MHT,BWI,2
MHT,CLT,2
MHT,DCA,2
MHT,DTW,1
MHT,EWR,1
MHT,LGA,1
MHT,MCO,1
MHT,MDW,2
MHT,ORD,1
MHT,PHL,2
MHT,TPA,2
MIA,ATL,12
MIA,BDL,2
MIA,BHM,2
MIA,BNA,2
MIA,BOS,2
MIA,BWI,3
MIA,CHS,2
MIA,CLE,2
MIA,CLT,2
MIA,CMH,2
MIA,CUN,3
MIA,CVG,2
MIA,CZM,2
MIA,DCA,2
MIA,DEN,3
MIA,DFW,2
MIA,DTW,3
MIA,EWR,3
MIA,EYW,2
MIA,GNV,2
MIA,GSO,2
MIA,IAD,3
MIA,IAH,3
MIA,IND,2
MIA,JAX,2
MIA,JFK,3
MIA,LAS,2
MIA,LAX,4
MIA,LGA,3
MIA,MCO,2
MIA,MEM,2
MIA,MEX,7
MIA,MID,2
MIA,MSP,3
MIA,MSY,5
MIA,ORD,3
MIA,ORF,2
MIA,PHL,2
MIA,PHX,2
MIA,PIT,2
MIA,PNS,2
MIA,RDU,2
MIA,RIC,2
MIA,SAN,2
MIA,SDF,2
MIA,SEA,2
MIA,SFO,3
MIA,STL,2
MIA,TLH,2
MIA,TPA,2
MIA,TUL,2
MIA,YUL,3
MIA,YYZ,4
MID,CUN,1
MID,GDL,1
MID,IAH,1
MID,MEX,4
MID,MIA,2
MID,MTY,1
MID,VSA,2
MKE,ATL,7
MKE,BOS,2
MKE,BWI,2
MKE,CLE,1
MKE,CLT,2
MKE,CUN,1
MKE,CVG,1
MKE,DCA,2
MKE,DEN,4
MKE,DFW,2
MKE,DTW,1
MKE,EWR,1
MKE,FLL,2
MKE,IAH,1
MKE,LAS,2
MKE,LAX,2
MKE,LGA,2
MKE,MCI,2
MKE,MCO,3
MKE,MSP,3
MKE,MSY,2
MKE,ORD,3
MKE,PHL,2
MKE,PHX,4
MKE,RSW,2
MKE,SEA,2
MKE,SFO,2
MKE,STL,2
MKE,TPA,2
MKE,YYZ,1
MKG,ORD,1
MKK,HNL,2
MKK,OGG,1
MKL,BNA,1
MKL,MEM,1
MLB,ATL,3
MLB,CLT,2
MLI,ATL,3
MLI,AZA,1
MLI,DEN,1
MLI,DFW,2
MLI,DTW,1
MLI,LAS,1
MLI,MSP,1
MLI,ORD,3
MLI,PIE,1
MLI,SFB,1
MLM,DFW,3
MLM,IAH,1
MLM,LAX,1
MLM,MDW,1
MLM,MEX,2
MLM,SFO,1
MLM,TIJ,1
MLU,ATL,3
MLU,DFW,2
MLU,IAH,1
MMH,LAX,2
MOB,ATL,3
MOB,CLT,2
MOB,DFW,2
MOB,IAH,1
MOB,ORD,1
MOD,SFO,1
MOT,AZA,1
MOT,DEN,2
MOT,LAS,1
MOT,MSP,1
MOU,KSM,1
MQT,DTW,1
MQT,ORD,2
MRY,DEN,1
MRY,LAS,1
MRY,LAX,4
MRY,PHX,2
MRY,SAN,1
MRY,SFO,1
MSL,ATL,1
MSN,ATL,3
MSN,CVG,1
MSN,DCA,1
MSN,DEN,2
MSN,DFW,2
MSN,DTW,1
MSN,EWR,1
MSN,LGA,1
MSN,MSP,1
MSN,ORD,3
MSN,SLC,1
MSO,AZA,1
MSO,DEN,1
MSO,LAS,1
MSO,MSP,1
MSO,PDX,1
MSO,SEA,1
MSO,SLC,1
MSP,ABQ,1
MSP,ABR,1
MSP,ALB,1
MSP,ANC,1
MSP,APN,1
MSP,ATL,7
MSP,ATW,1
MSP,ATY,1
MSP,AUS,1
MSP,AZO,1
MSP,BDL,1
MSP,BHM,1
MSP,BIL,1
MSP,BIS,1
MSP,BJI,1
MSP,BMI,1
MSP,BNA,1
MSP,BOI,1
MSP,BOS,2
MSP,BRD,1
MSP,BUF,1
MSP,BWI,2
MSP,BZN,1
MSP,CID,1
MSP,CLE,2
MSP,CLT,3
MSP,CMH,1
MSP,CUN,3
MSP,CVG,1
MSP,CWA,1
MSP,DAY,1
MSP,DCA,4
MSP,DEN,6
MSP,DFW,5
MSP,DIK,1
MSP,DLH,1
MSP,DSM,1
MSP,DTW,1
MSP,EWR,2
MSP,FAR,1
MSP,FCA,1
MSP,FLL,1
MSP,FNT,1
MSP,FSD,1
MSP,FWA,1
MSP,GEG,1
MSP,GFK,1
MSP,GRB,1
MSP,GRR,1
MSP,GTF,1
MSP,HIB,1
MSP,HLN,1
MSP,IAD,2
MSP,IAH,3
MSP,ICT,1
MSP,IMT,1
MSP,IND,1
MSP,INL,1
MSP,ISN,1
MSP,JAX,1
MSP,JFK,2
MSP,LAN,2
MSP,LAS,3
MSP,LAX,7
MSP,LEX,1
MSP,LGA,1
MSP,LNK,1
MSP,LSE,1
MSP,MBS,1
MSP,MCI,3
MSP,MCO,4
MSP,MDW,4
MSP,MEM,1
MSP,MIA,3
MSP,MKE,3
MSP,MLI,1
MSP,MOT,1
MSP,MSN,1
MSP,MSO,1
MSP,MSY,4
MSP,OKC,1
MSP,OMA,1
MSP,ORD,5
MSP,ORF,1
MSP,PDX,1
MSP,PHL,3
MSP,PHX,6
MSP,PIA,1
MSP,PIT,1
MSP,PSC,1
MSP,PSP,2
MSP,RAP,1
MSP,RDU,1
MSP,RHI,1
MSP,RIC,1
MSP,ROC,1
MSP,RST,1
MSP,RSW,2
MSP,SAN,3
MSP,SAT,1
MSP,SBN,1
MSP,SDF,1
MSP,SEA,5
MSP,SFO,5
MSP,SJC,1
MSP,SLC,1
MSP,SMF,1
MSP,SNA,1
MSP,STL,3
MSP,SYR,1
MSP,TPA,1
MSP,TUL,1
MSP,TUS,1
MSP,TVC,1
MSP,TYS,1
MSP,XNA,1
MSP,YEG,1
MSP,YQR,1
MSP,YUL,2
MSP,YVR,1
MSP,YWG,1
MSP,YXE,1
MSP,YYC,1
MSP,YYZ,4
MSS,ALB,1
MSY,ATL,9
MSY,AUS,3
MSY,BNA,1
MSY,BOS,1
MSY,BWI,2
MSY,CLE,1
MSY,CLT,2
MSY,CVG,1
MSY,DAL,2
MSY,DCA,2
MSY,DEN,5
MSY,DFW,6
MSY,DTW,5
MSY,EWR,5
MSY,EYW,2
MSY,FLL,2
MSY,HOU,2
MSY,IAD,3
MSY,IAH,4
MSY,JFK,11
MSY,LAS,2
MSY,LAX,9
MSY,LGA,3
MSY,MCI,2
MSY,MCO,2
MSY,MDW,2
MSY,MEM,2
MSY,MIA,5
MSY,MKE,2
MSY,MSP,3
MSY,ORD,8
MSY,PHL,2
MSY,PHX,1
MSY,SAN,2
MSY,SFO,1
MSY,SLC,2
MSY,STL,2
MSY,TPA,2
MSY,YYZ,2
MTJ,DEN,1
MTM,KTN,2
MTT,MEX,2
MTY,AGU,1
MTY,ATL,6
MTY,BJX,1
MTY,CJS,2
MTY,CUL,3
MTY,CUN,2
MTY,CUU,3
MTY,DFW,2
MTY,DTW,2
MTY,GDL,4
MTY,HMO,1
MTY,IAH,1
MTY,LAS,3
MTY,MEX,3
MTY,MID,1
MTY,ORD,1
MTY,PBC,1
MTY,PVR,1
MTY,QRO,1
MTY,SAT,3
MTY,SJD,1
MTY,TAM,1
MTY,TIJ,1
MTY,TLC,2
MTY,VER,2
MUE,OGG,1
MVY,ACK,1
MVY,BOS,1
MVY,EWB,1
MVY,HPN,1
MWA,STL,1
MXL,GDL,1
MXL,HMO,1
MXL,MEX,2
MYR,ABE,1
MYR,ACY,1
MYR,ATL,4
MYR,BOS,2
MYR,BWI,1
MYR,CLT,2
MYR,CRW,1
MYR,DCA,2
MYR,DFW,1
MYR,DTW,2
MYR,EWR,1
MYR,FLL,1
MYR,FWA,1
MYR,HTS,1
MYR,IAG,1
MYR,LBE,1
MYR,LGA,2
MYR,ORD,2
MYR,PBG,1
MYR,PHL,3
MYR,YNG,1
MYR,YTZ,1
MYR,YYZ,1
MZT,DFW,2
MZT,GDL,1
MZT,LAX,2
MZT,LMM,1
MZT,MEX,3
MZT,PHX,2
MZT,TIJ,1
NAQ,JUV,1
NAQ,THU,1
NLD,MEX,1
NLG,CDB,1
NUI,BRW,1
NUI,SCC,1
NUL,GAL,1
NUL,KAL,1
OAJ,ATL,3
OAJ,CLT,2
OAJ,DCA,2
OAK,ABQ,1
OAK,AUS,1
OAK,AZA,1
OAK,BLI,1
OAK,BOI,1
OAK,BUR,1
OAK,DEN,2
OAK,DFW,1
OAK,EUG,1
OAK,GDL,1
OAK,GEG,1
OAK,HNL,3
OAK,HOU,1
OAK,JFK,1
OAK,KOA,2
OAK,LAS,3
OAK,LAX,3
OAK,LGB,1
OAK,LIH,2
OAK,MCI,1
OAK,MDW,2
OAK,OGG,3
OAK,ONT,1
OAK,ORD,1
OAK,PDX,3
OAK,PHX,3
OAK,PVU,1
OAK,SAN,1
OAK,SEA,3
OAK,SLC,2
OAK,SNA,2
OAX,IAH,1
OAX,MEX,2
OAX,TIJ,1
OBY,CNP,1
OGD,AZA,1
OGG,DEN,1
OGG,DFW,2
OGG,HNL,5
OGG,HNM,1
OGG,ITO,1
OGG,KOA,2
OGG,LAX,7
OGG,LIH,1
OGG,LNY,1
OGG,MKK,1
OGG,MUE,1
OGG,OAK,3
OGG,ORD,1
OGG,PDX,1
OGG,PHX,2
OGG,SAN,1
OGG,SEA,2
OGG,SFO,1
OGG,SJC,3
OGG,SMF,3
OGG,YVR,2
OGS,ALB,1
OKC,ATL,6
OKC,BWI,2
OKC,DAL,2
OKC,DEN,4
OKC,DFW,2
OKC,DTW,1
OKC,EWR,1
OKC,HOU,2
OKC,IAD,1
OKC,IAH,1
OKC,LAS,2
OKC,LAX,4
OKC,MDW,2
OKC,MSP,1
OKC,ORD,3
OKC,PHX,1
OKC,SFB,1
OKC,SFO,1
OKC,SLC,1
OKC,STL,2
OLF,BIL,1
OMA,ATL,4
OMA,CLT,2
OMA,DCA,3
OMA,DEN,3
OMA,DFW,2
OMA,DTW,1
OMA,EWR,1
OMA,IAH,1
OMA,LAS,1
OMA,LGA,1
OMA,MCO,1
OMA,MDW,2
OMA,MSP,1
OMA,ORD,3
OMA,PHX,3
OMA,SEA,1
OMA,SLC,1
OMA,STL,2
OME,ANC,1
OME,ELI,2
OME,GAM,2
OME,GLV,1
OME,KKA,1
OME,KTS,1
OME,OTZ,2
OME,SHH,2
OME,SKK,1
OME,SVA,2
OME,TLA,2
OME,UNK,2
OME,WAA,1
OME,WMO,2
ONT,DEN,3
ONT,DFW,2
ONT,GDL,3
ONT,IAH,1
ONT,LAS,2
ONT,MDW,1
ONT,OAK,1
ONT,PDX,2
ONT,PHX,3
ONT,SEA,2
ONT,SFO,1
ONT,SJC,1
ONT,SLC,1
ONT,SMF,1
ORD,ABE,1
ORD,ABQ,3
ORD,ACY,2
ORD,ALB,1
ORD,ALO,2
ORD,ANC,2
ORD,ART,2
ORD,ATL,20
ORD,ATW,1
ORD,AUS,3
ORD,AVL,1
ORD,AVP,1
ORD,AZO,2
ORD,BDL,3
ORD,BHM,1
ORD,BMI,2
ORD,BNA,3
ORD,BOI,1
ORD,BOS,5
ORD,BRL,1
ORD,BTV,1
ORD,BUF,3
ORD,BWI,3
ORD,BZN,1
ORD,CAE,1
ORD,CAK,1
ORD,CHA,2
ORD,CHO,2
ORD,CHS,1
ORD,CID,3
ORD,CLE,3
ORD,CLT,3
ORD,CMH,3
ORD,CMI,2
ORD,CMX,1
ORD,COS,1
ORD,COU,2
ORD,CUN,3
ORD,CVG,4
ORD,CWA,3
ORD,DAY,3
ORD,DBQ,2
ORD,DCA,3
ORD,DEC,1
ORD,DEN,4
ORD,DFW,4
ORD,DLH,1
ORD,DSM,3
ORD,DTW,4
ORD,EAU,1
ORD,ELM,1
ORD,ELP,2
ORD,EVV,2
ORD,EWR,3
ORD,FAR,3
ORD,FLL,4
ORD,FNT,2
ORD,FOE,1
ORD,FSD,3
ORD,FWA,3
ORD,GDL,2
ORD,GRB,3
ORD,GRR,3
ORD,GSO,1
ORD,GSP,1
ORD,HNL,1
ORD,HPN,3
ORD,HSV,3
ORD,IAD,1
ORD,IAH,4
ORD,ICT,3
ORD,IND,3
ORD,JAN,1
ORD,JAX,3
ORD,JFK,5
ORD,LAN,1
ORD,LAS,4
ORD,LAX,6
ORD,LEX,3
ORD,LGA,5
ORD,LIT,3
ORD,LNK,1
ORD,LSE,2
ORD,MBS,1
ORD,MCI,3
ORD,MCO,4
ORD,MDT,3
ORD,MEM,4
ORD,MEX,6
ORD,MHK,2
ORD,MHT,1
ORD,MIA,3
ORD,MKE,3
ORD,MKG,1
ORD,MLI,3
ORD,MOB,1
ORD,MQT,2
ORD,MSN,3
ORD,MSP,5
ORD,MSY,13
ORD,MTY,1
ORD,MYR,2
ORD,OAK,1
ORD,OGG,1
ORD,OKC,3
ORD,OMA,3
ORD,ORF,1
ORD,PAH,1
ORD,PBI,2
ORD,PDX,4
ORD,PHL,3
ORD,PHX,3
ORD,PIA,3
ORD,PIT,3
ORD,PNS,1
ORD,PSP,2
ORD,PVD,1
ORD,PVR,4
ORD,RAP,1
ORD,RDU,3
ORD,RIC,3
ORD,RNO,2
ORD,ROA,1
ORD,ROC,3
ORD,RST,2
ORD,RSW,4
ORD,SAN,4
ORD,SAT,3
ORD,SAV,1
ORD,SBN,1
ORD,SCE,1
ORD,SDF,3
ORD,SEA,4
ORD,SFO,5
ORD,SGF,3
ORD,SJC,2
ORD,SJD,4
ORD,SLC,4
ORD,SMF,1
ORD,SNA,3
ORD,SRQ,1
ORD,STC,1
ORD,STL,3
ORD,SUX,2
ORD,SYR,3
ORD,TOL,2
ORD,TPA,4
ORD,TUL,3
ORD,TUS,2
ORD,TVC,3
ORD,TYS,3
ORD,XNA,3
ORD,YEG,2
ORD,YHZ,2
ORD,YKF,2
ORD,YOW,2
ORD,YQB,2
ORD,YQR,2
ORD,YUL,6
ORD,YVR,5
ORD,YWG,2
ORD,YXE,1
ORD,YXU,2
ORD,YYC,5
ORD,YYZ,6
ORF,ATL,7
ORF,BWI,2
ORF,CLT,2
ORF,DCA,2
ORF,DFW,2
ORF,DTW,1
ORF,EWR,1
ORF,IAD,1
ORF,IAH,1
ORF,JFK,3
ORF,LGA,3
ORF,MCO,3
ORF,MDW,2
ORF,MIA,2
ORF,MSP,1
ORF,ORD,1
ORF,PHL,2
ORH,FLL,1
ORH,MCO,1
ORV,IAN,2
ORV,OTZ,2
OTH,PDX,1
OTH,SFO,1
OTZ,ABL,2
OTZ,ANC,1
OTZ,BKC,2
OTZ,DRG,2
OTZ,IAN,2
OTZ,KVL,1
OTZ,OME,2
OTZ,ORV,2
OTZ,WLK,2
OTZ,WTK,2
OWB,SFB,1
OWB,STL,1
PAH,ORD,1
PAZ,MEX,2
PAZ,REX,2
PAZ,VSA,2
PBC,CUN,1
PBC,DFW,2
PBC,GDL,1
PBC,IAH,1
PBC,MTY,1
PBC,TIJ,1
PBG,BOS,2
PBG,FLL,2
PBG,MYR,1
PBG,PIE,1
PBG,SFB,1
PBI,ATL,8
PBI,BDL,1
PBI,BOS,1
PBI,BWI,1
PBI,CLE,1
PBI,CLT,2
PBI,DCA,2
PBI,DFW,2
PBI,DTW,1
PBI,EWR,2
PBI,HPN,1
PBI,IAH,1
PBI,ISP,1
PBI,JFK,1
PBI,LAX,2
PBI,LGA,4
PBI,ORD,2
PBI,PHL,2
PBI,TPA,2
PDS,MEX,2
PDT,PDX,1
PDX,ABQ,1
PDX,ANC,1
PDX,ATL,4
PDX,BIL,1
PDX,BLI,1
PDX,BOI,1
PDX,BOS,3
PDX,BUR,2
PDX,CLT,2
PDX,DCA,2
PDX,DEN,4
PDX,DFW,4
PDX,DTW,2
PDX,EUG,2
PDX,EWR,1
PDX,FAT,1
PDX,GEG,1
PDX,HNL,2
PDX,IAD,1
PDX,IAH,1
PDX,JFK,2
PDX,LAS,3
PDX,LAX,4
PDX,LGB,3
PDX,LMT,1
PDX,MCI,1
PDX,MDW,2
PDX,MFR,1
PDX,MSO,1
PDX,MSP,1
PDX,OAK,4
PDX,OGG,1
PDX,ONT,2
PDX,ORD,4
PDX,OTH,1
PDX,PDT,1
PDX,PHL,2
PDX,PHX,4
PDX,PSC,1
PDX,PSP,1
PDX,RDM,2
PDX,RNO,2
PDX,SAN,3
PDX,SBA,1
PDX,SEA,2
PDX,SFO,4
PDX,SJC,3
PDX,SLC,3
PDX,SMF,2
PDX,SNA,2
PDX,STS,1
PDX,TUS,1
PDX,YVR,4
PDX,YYC,2
PGA,DEN,3
PGA,GCN,1
PGA,PHX,1
PGD,ABE,1
PGD,AVL,1
PGD,CID,1
PGD,CVG,1
PGD,DSM,1
PGD,FWA,1
PGD,GSP,1
PGD,IAG,1
PGD,ISP,1
PGD,LEX,1
PGD,PIA,1
PGD,RFD,1
PGD,SBN,1
PGD,SGF,1
PGD,TOL,1
PGD,TYS,1
PGD,YNG,1
PGV,CLT,2
PHF,ATL,3
PHF,CLT,2
PHF,DEN,1
PHF,PHL,2
PHF,SFB,1
PHL,ABE,2
PHL,ALB,2
PHL,ART,2
PHL,ATL,9
PHL,AUS,2
PHL,AVP,2
PHL,BDL,2
PHL,BGM,2
PHL,BGR,2
PHL,BHM,2
PHL,BNA,3
PHL,BOS,3
PHL,BTV,2
PHL,BUF,2
PHL,BWI,2
PHL,CAE,2
PHL,CAK,2
PHL,CHO,2
PHL,CHS,2
PHL,CLE,2
PHL,CLT,2
PHL,CMH,2
PHL,CUN,3
PHL,CVG,3
PHL,DAY,2
PHL,DCA,2
PHL,DEN,5
PHL,DFW,3
PHL,DTW,3
PHL,ELM,2
PHL,ERI,2
PHL,EWR,2
PHL,FLL,4
PHL,GSO,2
PHL,GSP,2
PHL,HPN,2
PHL,HVN,2
PHL,IAD,1
PHL,IAH,3
PHL,ILM,2
PHL,IND,2
PHL,IPT,2
PHL,ISP,2
PHL,ITH,2
PHL,JAX,2
PHL,JFK,1
PHL,LAS,4
PHL,LAX,3
PHL,LGA,2
PHL,MCI,2
PHL,MCO,4
PHL,MDT,2
PHL,MDW,2
PHL,MHT,2
PHL,MIA,2
PHL,MKE,2
PHL,MSP,3
PHL,MSY,2
PHL,MYR,3
PHL,ORD,3
PHL,ORF,2
PHL,PBI,2
PHL,PDX,2
PHL,PHF,2
PHL,PHX,4
PHL,PIT,2
PHL,PVD,2
PHL,RDU,3
PHL,RIC,2
PHL,ROA,2
PHL,ROC,2
PHL,RSW,3
PHL,SAN,2
PHL,SAT,2
PHL,SAV,2
PHL,SBY,2
PHL,SCE,2
PHL,SDF,2
PHL,SEA,3
PHL,SFO,4
PHL,SLC,3
PHL,STL,3
PHL,SWF,2
PHL,SYR,2
PHL,TPA,3
PHL,TYS,2
PHL,YHZ,2
PHL,YOW,2
PHL,YQB,2
PHL,YUL,2
PHL,YYZ,4
PHX,ABQ,4
PHX,ANC,2
PHX,ATL,9
PHX,AUS,3
PHX,BFL,2
PHX,BNA,1
PHX,BOI,3
PHX,BOS,3
PHX,BUF,1
PHX,BUR,3
PHX,BWI,3
PHX,CLE,1
PHX,CLT,2
PHX,CMH,3
PHX,CUN,2
PHX,DCA,2
PHX,DEN,7
PHX,DFW,3
PHX,DRO,2
PHX,DSM,2
PHX,DTW,4
PHX,ELP,3
PHX,EWR,4
PHX,FAT,2
PHX,FLG,2
PHX,FLL,4
PHX,GDL,3
PHX,GEG,3
PHX,GJT,2
PHX,HMO,3
PHX,HNL,3
PHX,HOU,2
PHX,IAD,1
PHX,IAH,3
PHX,IND,3
PHX,JFK,4
PHX,KOA,2
PHX,LAS,4
PHX,LAX,6
PHX,LGB,2
PHX,LIH,2
PHX,LIT,1
PHX,MCI,3
PHX,MCO,3
PHX,MDW,1
PHX,MEX,3
PHX,MIA,2
PHX,MKE,3
PHX,MRY,2
PHX,MSP,5
PHX,MSY,1
PHX,MZT,2
PHX,OAK,4
PHX,OGG,2
PHX,OKC,1
PHX,OMA,3
PHX,ONT,4
PHX,ORD,3
PHX,PDX,5
PHX,PGA,1
PHX,PHL,4
PHX,PIT,3
PHX,PSP,2
PHX,PVR,2
PHX,RDU,1
PHX,RNO,3
PHX,SAN,4
PHX,SAT,3
PHX,SBA,2
PHX,SBP,2
PHX,SDF,1
PHX,SEA,4
PHX,SFO,4
PHX,SJC,4
PHX,SJD,2
PHX,SLC,4
PHX,SMF,3
PHX,SNA,4
PHX,SOW,3
PHX,STL,3
PHX,TPA,3
PHX,TUL,1
PHX,TUS,2
PHX,YEG,3
PHX,YUM,2
PHX,YVR,2
PHX,YYC,3
PHX,YYZ,1
PHX,ZIH,2
PIA,ATL,3
PIA,AZA,1
PIA,DEN,1
PIA,DFW,2
PIA,DTW,1
PIA,LAS,1
PIA,MSP,1
PIA,ORD,3
PIA,PGD,1
PIA,PIE,1
PIB,ATL,1
PIE,ABE,1
PIE,AVL,1
PIE,BGR,1
PIE,CHA,1
PIE,CID,1
PIE,DSM,1
PIE,ELM,1
PIE,FAR,1
PIE,FSD,1
PIE,FWA,1
PIE,GRR,1
PIE,GSO,1
PIE,GSP,1
PIE,HTS,1
PIE,IAG,1
PIE,LCK,1
PIE,LEX,1
PIE,MDT,1
PIE,MLI,1
PIE,PBG,1
PIE,PIA,1
PIE,RFD,1
PIE,ROA,1
PIE,SBN,1
PIE,SGF,1
PIE,SWF,1
PIE,SYR,1
PIE,TOL,1
PIE,TRI,1
PIE,TYS,1
PIE,YNG,1
PIH,SLC,1
PIR,ATY,2
PIR,DEN,3
PIR,HON,3
PIT,ATL,7
PIT,BDL,2
PIT,BNA,1
PIT,BOS,3
PIT,BWI,2
PIT,CLT,2
PIT,CUN,1
PIT,CVG,1
PIT,DCA,2
PIT,DEN,2
PIT,DFW,3
PIT,DTW,1
PIT,EWR,1
PIT,FLL,1
PIT,HOU,1
PIT,IAD,1
PIT,IAH,1
PIT,JFK,3
PIT,LAS,1
PIT,LAX,4
PIT,LGA,3
PIT,MCO,3
PIT,MDW,2
PIT,MEM,1
PIT,MIA,2
PIT,MSP,1
PIT,ORD,3
PIT,PHL,2
PIT,PHX,3
PIT,RDU,2
PIT,RSW,1
PIT,SFO,1
PIT,STL,2
PIT,TPA,2
PIT,YYZ,2
PIZ,BRW,1
PKB,CLE,1
PLN,DTW,1
PNS,ATL,5
PNS,BNA,1
PNS,CLT,2
PNS,DCA,2
PNS,DFW,2
PNS,HOU,1
PNS,IAH,1
PNS,MCO,2
PNS,MIA,2
PNS,ORD,1
PNS,TPA,2
PQI,BOS,2
PRC,LAX,1
PSC,AZA,1
PSC,DEN,1
PSC,LAS,1
PSC,MSP,1
PSC,PDX,1
PSC,SEA,1
PSC,SFO,1
PSC,SLC,1
PSG,JNU,1
PSG,WRG,1
PSM,SFB,1
PSP,BLI,1
PSP,DEN,2
PSP,DFW,2
PSP,IAH,1
PSP,LAS,1
PSP,LAX,1
PSP,MSP,2
PSP,ORD,2
PSP,PDX,1
PSP,PHX,2
PSP,SEA,1
PSP,SFO,5
PSP,SLC,1
PSP,SMF,1
PSP,YEG,1
PSP,YVR,1
PSP,YYC,1
PUB,DEN,1
PUW,LWS,1
PUW,SEA,1
PVC,BOS,1
PVD,ATL,3
PVD,BWI,2
PVD,CLT,2
PVD,DCA,2
PVD,DTW,1
PVD,EWR,1
PVD,FLL,2
PVD,IAD,1
PVD,LAS,1
PVD,MCO,3
PVD,MDW,2
PVD,ORD,1
PVD,PHL,2
PVD,RSW,1
PVD,TPA,1
PVR,ATL,4
PVR,DEN,2
PVR,DFW,2
PVR,EWR,1
PVR,GDL,1
PVR,IAH,1
PVR,LAX,4
PVR,MEX,3
PVR,MTY,1
PVR,ORD,4
PVR,PHX,2
PVR,SAN,3
PVR,SFO,5
PVR,SLC,2
PVR,STL,1
PVR,TIJ,1
PVR,TLC,1
PVR,YEG,1
PVR,YUL,1
PVR,YVR,3
PVR,YYC,2
PVU,AZA,1
PVU,LAX,1
PVU,OAK,1
PWM,BWI,1
PWM,JFK,1
PXM,MEX,2
QBC,YVR,1
QRO,CUN,1
QRO,DFW,2
QRO,IAH,1
QRO,MTY,1
QRO,TIJ,1
RAP,AZA,1
RAP,DEN,1
RAP,DFW,2
RAP,LAS,1
RAP,MSP,1
RAP,ORD,1
RAP,SLC,1
RBY,FAI,2
RBY,GAL,1
RDD,SFO,1
RDM,DEN,1
RDM,LAX,2
RDM,PDX,2
RDM,SEA,1
RDM,SFO,1
RDM,SLC,1
RDU,ATL,9
RDU,BDL,1
RDU,BNA,2
RDU,BOS,2
RDU,BWI,3
RDU,CLT,2
RDU,CMH,1
RDU,CUN,2
RDU,CVG,1
RDU,DCA,2
RDU,DEN,1
RDU,DFW,2
RDU,DTW,1
RDU,EWR,1
RDU,FLL,3
RDU,HOU,1
RDU,IAD,1
RDU,IAH,1
RDU,IND,1
RDU,JFK,4
RDU,LAS,2
RDU,LAX,4
RDU,LGA,3
RDU,MCO,3
RDU,MDW,2
RDU,MEM,1
RDU,MIA,2
RDU,MSP,1
RDU,ORD,3
RDU,PHL,3
RDU,PHX,1
RDU,PIT,2
RDU,SFO,2
RDU,SLC,1
RDU,STL,1
RDU,TPA,3
RDU,TTN,1
RDU,YYZ,1
REX,MEX,2
REX,PAZ,2
RFD,AZA,1
RFD,LAS,1
RFD,PGD,1
RFD,PIE,1
RFD,SFB,1
RHI,IMT,1
RHI,MSP,1
RIC,ATL,7
RIC,BOS,4
RIC,CLE,1
RIC,CLT,2
RIC,CVG,1
RIC,DFW,2
RIC,DTW,1
RIC,EWR,1
RIC,FLL,1
RIC,IAD,1
RIC,IAH,1
RIC,JFK,1
RIC,LGA,3
RIC,MCO,3
RIC,MIA,2
RIC,MSP,1
RIC,ORD,3
RIC,PHL,2
RIW,DEN,1
RKD,BOS,1
RKS,DEN,1
RKS,GCC,1
RKS,SLC,1
RNO,DEN,3
RNO,DFW,2
RNO,LAS,2
RNO,LAX,5
RNO,MDW,2
RNO,ORD,2
RNO,PDX,2
RNO,PHX,3
RNO,SAN,1
RNO,SEA,2
RNO,SFO,1
RNO,SJC,1
RNO,SLC,1
ROA,ATL,4
ROA,CLT,2
ROA,DTW,1
ROA,IAD,1
ROA,LGA,2
ROA,ORD,1
ROA,PHL,2
ROA,PIE,1
ROA,SFB,1
ROC,ATL,4
ROC,BOS,2
ROC,BWI,1
ROC,CLE,1
ROC,CLT,2
ROC,DCA,2
ROC,DTW,1
ROC,EWR,1
ROC,IAD,1
ROC,JFK,2
ROC,LGA,1
ROC,MCO,2
ROC,MDW,2
ROC,MSP,1
ROC,ORD,3
ROC,PHL,2
ROC,TPA,1
ROC,YYZ,1
ROW,DFW,2
RSH,ANI,1
RSH,KLG,1
RST,AZA,1
RST,MSP,1
RST,ORD,2
RSW,ACY,1
RSW,ATL,8
RSW,BDL,1
RSW,BOS,1
RSW,BWI,2
RSW,CLE,1
RSW,CLT,2
RSW,CMH,2
RSW,CVG,1
RSW,DCA,4
RSW,DEN,2
RSW,DFW,2
RSW,DTW,2
RSW,EWR,2
RSW,EYW,2
RSW,HPN,1
RSW,IAH,1
RSW,ILG,1
RSW,IND,2
RSW,JFK,1
RSW,LGA,2
RSW,MCO,2
RSW,MDW,2
RSW,MKE,1
RSW,MSP,2
RSW,ORD,4
RSW,PHL,3
RSW,PIT,1
RSW,PVD,1
RSW,STL,1
RSW,TTN,1
RSW,YYZ,2
RUT,BOS,1
SAF,DEN,1
SAF,DFW,2
SAF,LAX,3
SAN,ABQ,1
SAN,ATL,8
SAN,AUS,1
SAN,BLI,1
SAN,BNA,1
SAN,BOI,1
SAN,BOS,3
SAN,BWI,2
SAN,CLT,2
SAN,DCA,2
SAN,DEN,4
SAN,DFW,4
SAN,DTW,2
SAN,EWR,1
SAN,FAT,1
SAN,HNL,2
SAN,HOU,2
SAN,IAD,1
SAN,IAH,1
SAN,IPL,1
SAN,JFK,6
SAN,LAS,3
SAN,LAX,5
SAN,LIH,1
SAN,MCI,2
SAN,MCO,2
SAN,MDW,1
SAN,MEX,1
SAN,MIA,2
SAN,MRY,1
SAN,MSP,3
SAN,MSY,1
SAN,OAK,1
SAN,OGG,1
SAN,ORD,4
SAN,PDX,3
SAN,PHL,2
SAN,PHX,4
SAN,PVR,3
SAN,RNO,2
SAN,SAT,2
SAN,SEA,3
SAN,SFO,3
SAN,SJC,2
SAN,SJD,2
SAN,SLC,2
SAN,SMF,1
SAN,STL,1
SAN,STS,2
SAN,TUS,1
SAN,YYC,2
SAN,YYZ,1
SAT,ATL,7
SAT,BNA,1
SAT,BWI,2
SAT,CLT,2
SAT,CUN,1
SAT,DAL,2
SAT,DEN,3
SAT,DFW,2
SAT,DTW,1
SAT,ELP,1
SAT,EWR,1
SAT,GDL,2
SAT,HOU,2
SAT,HRL,1
SAT,IAD,1
SAT,IAH,1
SAT,JFK,1
SAT,LAS,2
SAT,LAX,3
SAT,MCO,3
SAT,MDW,2
SAT,MEM,1
SAT,MEX,4
SAT,MSP,1
SAT,MTY,3
SAT,ORD,3
SAT,PHL,2
SAT,PHX,4
SAT,SAN,1
SAT,SEA,1
SAT,SFO,1
SAT,SLC,1
SAT,STL,2
SAT,TLC,1
SAT,TPA,2
SAV,ATL,6
SAV,BOS,1
SAV,CLT,2
SAV,DCA,2
SAV,DFW,2
SAV,DTW,1
SAV,EWR,1
SAV,IAD,1
SAV,IAH,1
SAV,JFK,2
SAV,LGA,1
SAV,ORD,1
SAV,PHL,2
SBA,DEN,2
SBA,LAX,1
SBA,PDX,1
SBA,PHX,2
SBA,SEA,1
SBA,SFO,1
SBN,ATL,3
SBN,AZA,1
SBN,DTW,1
SBN,LAS,1
SBN,MSP,1
SBN,ORD,1
SBN,PGD,1
SBN,PIE,1
SBN,SFB,1
SBP,LAX,1
SBP,PHX,2
SBP,SFO,1
SBY,CLT,2
SBY,PHL,2
SCC,ANC,1
SCC,BRW,1
SCC,BTI,1
SCC,FAI,1
SCC,NUI,1
SCE,DTW,1
SCE,IAD,1
SCE,ORD,1
SCE,PHL,2
SCK,LAS,1
SDF,ATL,6
SDF,BWI,2
SDF,CLE,1
SDF,CLT,2
SDF,DCA,2
SDF,DEN,2
SDF,DFW,2
SDF,DTW,1
SDF,EWR,1
SDF,IAD,1
SDF,IAH,1
SDF,JFK,1
SDF,LAS,1
SDF,LGA,3
SDF,MCO,3
SDF,MDW,2
SDF,MIA,2
SDF,MSP,1
SDF,ORD,3
SDF,PHL,2
SDF,PHX,1
SDF,TPA,1
SDP,ANC,2
SDY,BIL,1
SEA,ABQ,1
SEA,ALW,1
SEA,ANC,3
SEA,ATL,6
SEA,AUS,1
SEA,BIL,1
SEA,BLI,1
SEA,BOI,1
SEA,BOS,3
SEA,BUR,2
SEA,BWI,2
SEA,BZN,1
SEA,CLT,2
SEA,COS,1
SEA,DCA,1
SEA,DEN,6
SEA,DFW,3
SEA,DTW,1
SEA,EAT,1
SEA,EUG,1
SEA,EWR,3
SEA,FAI,1
SEA,FAT,1
SEA,FCA,1
SEA,FLL,1
SEA,GEG,1
SEA,GTF,1
SEA,HNL,5
SEA,IAD,1
SEA,IAH,4
SEA,JFK,5
SEA,JNU,1
SEA,KOA,1
SEA,KTN,3
SEA,LAS,4
SEA,LAX,5
SEA,LGB,3
SEA,LIH,1
SEA,LWS,1
SEA,MCI,2
SEA,MCO,2
SEA,MDW,2
SEA,MFR,1
SEA,MIA,2
SEA,MKE,2
SEA,MSO,1
SEA,MSP,3
SEA,OAK,4
SEA,OGG,2
SEA,OMA,1
SEA,ONT,2
SEA,ORD,4
SEA,PDX,2
SEA,PHL,3
SEA,PHX,5
SEA,PSC,1
SEA,PSP,1
SEA,PUW,1
SEA,RDM,1
SEA,RNO,2
SEA,SAN,4
SEA,SAT,1
SEA,SBA,1
SEA,SFO,5
SEA,SJC,3
SEA,SLC,4
SEA,SMF,4
SEA,SNA,2
SEA,STL,2
SEA,STS,1
SEA,TUS,1
SEA,YEG,1
SEA,YKM,1
SEA,YLW,1
SEA,YVR,5
SEA,YYC,1
SEA,YYJ,1
SEA,YYZ,1
SFB,ABE,1
SFB,ATW,1
SFB,AVL,1
SFB,AVP,1
SFB,BGR,1
SFB,BIS,1
SFB,BLV,1
SFB,BMI,1
SFB,BTV,1
SFB,CHA,1
SFB,CID,1
SFB,CKB,1
SFB,CVG,1
SFB,DSM,1
SFB,ELM,1
SFB,FAR,1
SFB,FSD,1
SFB,FWA,1
SFB,GFK,1
SFB,GRR,1
SFB,GSO,1
SFB,GSP,1
SFB,HGR,1
SFB,HTS,1
SFB,IAG,1
SFB,LAN,1
SFB,LCK,1
SFB,LEX,1
SFB,LIT,1
SFB,MDT,1
SFB,MLI,1
SFB,OKC,1
SFB,OWB,1
SFB,PBG,1
SFB,PHF,1
SFB,PSM,1
SFB,RFD,1
SFB,ROA,1
SFB,SBN,1
SFB,SGF,1
SFB,TOL,1
SFB,TRI,1
SFB,TUL,1
SFB,TYS,1
SFB,XNA,1
SFB,YNG,1
SFJ,GOH,1
SFJ,JAV,1
SFJ,JEG,1
SFJ,JHS,1
SFJ,JSU,1
SFJ,UAK,1
SFO,ABQ,1
SFO,ACV,1
SFO,ATL,11
SFO,AUS,3
SFO,BFL,1
SFO,BJX,1
SFO,BOI,1
SFO,BOS,3
SFO,BUR,1
SFO,BWI,1
SFO,CEC,1
SFO,CIC,1
SFO,CLE,1
SFO,CLT,2
SFO,COS,1
SFO,CUN,2
SFO,CVG,1
SFO,DCA,2
SFO,DEN,4
SFO,DFW,5
SFO,DTW,1
SFO,EUG,1
SFO,EWR,2
SFO,FAT,1
SFO,FLL,3
SFO,GDL,3
SFO,HNL,5
SFO,IAD,2
SFO,IAH,1
SFO,IND,1
SFO,JFK,7
SFO,KOA,1
SFO,LAS,4
SFO,LAX,7
SFO,LGB,1
SFO,LIH,1
SFO,LMT,1
SFO,MCI,1
SFO,MCO,2
SFO,MDW,2
SFO,MEX,4
SFO,MFR,1
SFO,MIA,3
SFO,MKE,2
SFO,MLM,1
SFO,MOD,1
SFO,MRY,1
SFO,MSP,3
SFO,MSY,1
SFO,OGG,1
SFO,OKC,1
SFO,ONT,1
SFO,ORD,5
SFO,OTH,1
SFO,PDX,4
SFO,PHL,4
SFO,PHX,4
SFO,PIT,1
SFO,PSC,1
SFO,PSP,4
SFO,PVR,5
SFO,RDD,1
SFO,RDM,1
SFO,RDU,1
SFO,RNO,1
SFO,SAN,3
SFO,SAT,1
SFO,SBA,1
SFO,SBP,1
SFO,SEA,6
SFO,SJD,4
SFO,SLC,2
SFO,SMF,1
SFO,SNA,2
SFO,STL,1
SFO,TUS,1
SFO,YEG,2
SFO,YUL,2
SFO,YVR,3
SFO,YYC,3
SFO,YYJ,2
SFO,YYZ,2
SGF,ATL,3
SGF,AZA,1
SGF,DEN,1
SGF,DFW,2
SGF,LAS,1
SGF,ORD,3
SGF,PGD,1
SGF,PIE,1
SGF,SFB,1
SGU,DEN,1
SGU,SLC,1
SGY,HNS,1
SGY,JNU,2
SHD,IAD,1
SHH,OME,2
SHH,WAA,1
SHR,DEN,1
SHV,ATL,3
SHV,DEN,1
SHV,DFW,2
SHV,IAH,1
SHV,LAS,1
SHX,ANI,1
SIT,JNU,2
SIT,KTN,1
SJC,ATL,2
SJC,AUS,1
SJC,BOI,1
SJC,BOS,1
SJC,BUR,1
SJC,DEN,3
SJC,DFW,2
SJC,GDL,4
SJC,HNL,2
SJC,IAH,1
SJC,JFK,1
SJC,KOA,2
SJC,LAS,2
SJC,LAX,9
SJC,LIH,2
SJC,MDW,1
SJC,MSP,1
SJC,OGG,3
SJC,ONT,1
SJC,ORD,2
SJC,PDX,3
SJC,PHX,3
SJC,RNO,1
SJC,SAN,2
SJC,SEA,3
SJC,SJD,2
SJC,SLC,1
SJC,SNA,1
SJD,ATL,5
SJD,CLT,2
SJD,DEN,3
SJD,DFW,3
SJD,EWR,1
SJD,GDL,2
SJD,IAH,1
SJD,LAX,5
SJD,MEX,3
SJD,MTY,1
SJD,ORD,4
SJD,PHX,2
SJD,SAN,2
SJD,SFO,4
SJD,SJC,2
SJD,SLC,2
SJD,SNA,1
SJD,TIJ,1
SJD,TLC,1
SJD,YVR,1
SJD,YYC,2
SJT,DFW,2
SKK,KKA,2
SKK,OME,2
SKK,UNK,2
SLC,ABQ,1
SLC,ANC,1
SLC,ATL,6
SLC,AUS,1
SLC,BIL,1
SLC,BNA,1
SLC,BOI,1
SLC,BOS,1
SLC,BTM,1
SLC,BUR,1
SLC,BWI,3
SLC,BZN,1
SLC,CDC,1
SLC,CLT,3
SLC,CNY,1
SLC,COD,1
SLC,COS,1
SLC,CPR,1
SLC,CUN,2
SLC,CVG,2
SLC,DCA,1
SLC,DEN,4
SLC,DFW,3
SLC,DTW,1
SLC,EKO,1
SLC,EUG,1
SLC,EWR,1
SLC,FAR,1
SLC,FAT,1
SLC,FCA,1
SLC,GCC,1
SLC,GDL,1
SLC,GEG,1
SLC,GJT,1
SLC,GTF,1
SLC,HLN,1
SLC,HNL,1
SLC,IAH,2
SLC,IDA,1
SLC,IND,1
SLC,JAC,1
SLC,JFK,2
SLC,LAS,3
SLC,LAX,7
SLC,LGB,2
SLC,LWS,1
SLC,MCI,1
SLC,MCO,1
SLC,MDW,2
SLC,MEM,1
SLC,MFR,1
SLC,MSN,1
SLC,MSO,1
SLC,MSP,1
SLC,MSY,2
SLC,OAK,3
SLC,OKC,1
SLC,OMA,1
SLC,ONT,1
SLC,ORD,4
SLC,PDX,4
SLC,PHL,3
SLC,PHX,4
SLC,PIH,1
SLC,PSC,1
SLC,PSP,1
SLC,PVR,2
SLC,RAP,1
SLC,RDM,1
SLC,RDU,1
SLC,RKS,1
SLC,RNO,1
SLC,SAN,2
SLC,SAT,1
SLC,SEA,4
SLC,SFO,2
SLC,SGU,1
SLC,SJC,1
SLC,SJD,2
SLC,SMF,1
SLC,SNA,1
SLC,STL,1
SLC,TUL,1
SLC,TUS,2
SLC,TWF,1
SLC,VEL,1
SLC,YVR,1
SLC,YYC,1
SLK,BOS,1
SLN,MCI,1
SLP,CUN,1
SLP,DFW,2
SLP,IAH,1
SLP,MEX,2
SLP,MFE,1
SLP,TIJ,1
SLW,IAH,1
SLW,MEX,1
SMF,ACV,1
SMF,ATL,4
SMF,BOI,1
SMF,BUR,1
SMF,CLT,2
SMF,DEN,3
SMF,DFW,2
SMF,GDL,3
SMF,HNL,1
SMF,IAD,1
SMF,IAH,1
SMF,JFK,1
SMF,LAS,2
SMF,LAX,7
SMF,LGB,1
SMF,MDW,1
SMF,MSP,1
SMF,OGG,2
SMF,ONT,1
SMF,ORD,1
SMF,PDX,2
SMF,PHX,4
SMF,PSP,1
SMF,SAN,2
SMF,SEA,5
SMF,SFO,1
SMF,SLC,1
SMF,SNA,2
SMK,UNK,2
SMX,LAS,1
SMX,LAX,1
SNA,ATL,4
SNA,DEN,4
SNA,DFW,3
SNA,EWR,1
SNA,GDL,1
SNA,HOU,1
SNA,IAH,1
SNA,LAS,2
SNA,MEX,2
SNA,MSP,1
SNA,OAK,2
SNA,ORD,3
SNA,PDX,2
SNA,PHX,4
SNA,SEA,2
SNA,SFO,3
SNA,SJC,1
SNA,SJD,1
SNA,SLC,1
SNA,SMF,1
SNA,YVR,2
SNP,ANC,2
SNP,STG,1
SOW,FMN,3
SOW,PHX,3
SPS,DFW,2
SRQ,ATL,5
SRQ,CLT,2
SRQ,DCA,2
SRQ,JFK,1
SRQ,LGA,2
SRQ,ORD,1
STC,AZA,1
STC,ORD,1
STG,ANC,2
STG,SNP,1
STL,ATL,8
STL,BNA,2
STL,BOS,1
STL,BRL,1
STL,BWI,2
STL,CGI,1
STL,CLE,1
STL,CLT,2
STL,CMH,2
STL,CUN,1
STL,CVG,1
STL,DAL,2
STL,DCA,3
STL,DEC,1
STL,DEN,4
STL,DFW,3
STL,DTW,3
STL,ECP,1
STL,EWR,2
STL,FLL,2
STL,GRR,2
STL,HOU,1
STL,IAD,1
STL,IAH,1
STL,IRK,1
STL,JBR,1
STL,JFK,1
STL,LAS,2
STL,LAX,5
STL,LGA,4
STL,MCI,2
STL,MCO,1
STL,MDW,2
STL,MIA,2
STL,MKE,2
STL,MSP,3
STL,MSY,2
STL,MWA,1
STL,OKC,2
STL,OMA,2
STL,ORD,3
STL,OWB,1
STL,PHL,4
STL,PHX,3
STL,PIT,2
STL,PVR,1
STL,RDU,2
STL,RSW,1
STL,SAN,1
STL,SAT,2
STL,SEA,2
STL,SFO,1
STL,SLC,1
STL,TBN,1
STL,TPA,2
STL,TUL,1
STL,UIN,1
STL,YYZ,2
STS,LAX,2
STS,PDX,1
STS,SAN,2
STS,SEA,1
SUX,ORD,2
SVA,GAM,2
SVA,OME,2
SWF,DTW,1
SWF,FLL,1
SWF,MCO,1
SWF,PHL,2
SWF,PIE,1
SYR,ATL,4
SYR,BOS,2
SYR,CLE,1
SYR,CLT,2
SYR,DCA,2
SYR,DTW,1
SYR,EWR,1
SYR,IAD,1
SYR,JFK,2
SYR,LGA,1
SYR,MCO,1
SYR,MSP,1
SYR,ORD,3
SYR,PHL,2
SYR,PIE,1
SYR,YYZ,1
TAM,IAH,1
TAM,MEX,2
TAM,MTY,1
TAM,VER,1
TAP,MEX,1
TBN,STL,1
TEB,ACK,1
TGZ,GDL,1
TGZ,MEX,3
TGZ,TIJ,1
THU,NAQ,1
TIJ,ACA,1
TIJ,AGU,1
TIJ,BJX,2
TIJ,CEN,1
TIJ,CJS,2
TIJ,CLQ,1
TIJ,CUL,2
TIJ,CUN,1
TIJ,CUU,1
TIJ,DGO,1
TIJ,GDL,3
TIJ,HMO,2
TIJ,LAP,1
TIJ,LMM,1
TIJ,MEX,3
TIJ,MLM,1
TIJ,MTY,1
TIJ,MZT,1
TIJ,OAX,1
TIJ,PBC,1
TIJ,PVR,1
TIJ,QRO,1
TIJ,SJD,1
TIJ,SLP,1
TIJ,TGZ,1
TIJ,TPQ,1
TIJ,UPN,1
TIJ,VER,1
TIJ,ZCL,1
TIJ,ZLO,1
TLA,KTS,2
TLA,OME,1
TLC,ACA,2
TLC,CUN,2
TLC,FLL,1
TLC,GDL,1
TLC,LAS,1
TLC,MTY,2
TLC,PVR,1
TLC,SAT,1
TLC,SJD,1
TLC,ZIH,1
TLH,ATL,3
TLH,CLT,2
TLH,DCA,2
TLH,DFW,2
TLH,MCO,2
TLH,MIA,2
TLH,TPA,2
TOG,KWN,1
TOL,ORD,2
TOL,PGD,1
TOL,PIE,1
TOL,SFB,1
TPA,ACY,1
TPA,ALB,2
TPA,ATL,8
TPA,AUS,1
TPA,BDL,3
TPA,BHM,2
TPA,BNA,1
TPA,BOS,1
TPA,BUF,1
TPA,BWI,2
TPA,CAK,2
TPA,CLE,1
TPA,CLT,2
TPA,CMH,3
TPA,CVG,1
TPA,DAY,2
TPA,DCA,3
TPA,DEN,3
TPA,DFW,3
TPA,DTW,2
TPA,EWR,2
TPA,EYW,4
TPA,FLL,5
TPA,FNT,1
TPA,GNV,2
TPA,GRR,1
TPA,HOU,2
TPA,HPN,1
TPA,IAD,1
TPA,IAH,1
TPA,ILG,1
TPA,IND,3
TPA,ISP,2
TPA,JAX,2
TPA,JFK,4
TPA,LAS,1
TPA,LAX,1
TPA,LGA,2
TPA,MCI,2
TPA,MDW,2
TPA,MEM,1
TPA,MHT,1
TPA,MIA,2
TPA,MKE,2
TPA,MSP,1
TPA,MSY,2
TPA,ORD,4
TPA,PBI,2
TPA,PHL,3
TPA,PHX,4
TPA,PIT,2
TPA,PNS,2
TPA,PVD,2
TPA,RDU,3
TPA,ROC,1
TPA,SAT,2
TPA,SDF,1
TPA,STL,2
TPA,TLH,2
TPA,TTN,1
TPA,YYZ,2
TPQ,MEX,2
TPQ,TIJ,1
TRC,CUU,1
TRC,DFW,2
TRC,GDL,1
TRC,IAH,1
TRC,MEX,2
TRI,ATL,3
TRI,CLT,2
TRI,PIE,1
TRI,SFB,1
TTN,ATL,1
TTN,BNA,1
TTN,CLE,1
TTN,CLT,1
TTN,CVG,1
TTN,DTW,1
TTN,FLL,1
TTN,IND,1
TTN,MCO,1
TTN,MDW,1
TTN,RDU,1
TTN,RSW,1
TTN,TPA,1
TTN,UST,1
TUL,ATL,4
TUL,DAL,1
TUL,DEN,3
TUL,DFW,2
TUL,DTW,1
TUL,EWR,1
TUL,HOU,1
TUL,IAD,1
TUL,IAH,1
TUL,LAS,1
TUL,MDW,1
TUL,MIA,2
TUL,MSP,1
TUL,ORD,3
TUL,PHX,1
TUL,SFB,1
TUL,SLC,1
TUL,STL,1
TUP,ATL,1
TUP,GLH,1
TUS,ATL,5
TUS,DEN,2
TUS,DFW,2
TUS,IAH,1
TUS,LAS,2
TUS,LAX,6
TUS,MDW,2
TUS,MSP,1
TUS,ORD,2
TUS,PDX,1
TUS,PHX,2
TUS,SAN,1
TUS,SEA,1
TUS,SFO,1
TUS,SLC,1
TVC,DTW,1
TVC,MSP,1
TVC,ORD,3
TVF,GFK,1
TWF,SLC,1
TXK,DFW,2
TYR,DFW,2
TYR,IAH,1
TYS,ATL,6
TYS,CLT,2
TYS,DCA,2
TYS,DEN,2
TYS,DFW,2
TYS,DTW,1
TYS,EWR,1
TYS,FLL,1
TYS,IAD,1
TYS,IAH,1
TYS,LGA,3
TYS,MSP,1
TYS,ORD,3
TYS,PGD,1
TYS,PHL,2
TYS,PIE,1
TYS,SFB,1
UAK,GOH,1
UAK,JFR,1
UAK,JJU,1
UAK,JNS,1
UAK,SFJ,1
UIN,STL,1
UMD,JQA,1
UNK,ANC,3
UNK,OME,1
UNK,SKK,2
UNK,SMK,2
UPN,LAX,1
UPN,TIJ,1
UST,TTN,1
VAK,HPB,1
VCT,IAH,1
VDZ,ANC,2
VEE,ARC,1
VEE,FYU,1
VEL,SLC,1
VER,CUN,1
VER,GDL,1
VER,IAH,1
VER,MEX,3
VER,MTY,2
VER,TAM,1
VER,TIJ,1
VER,VSA,2
VIS,LAX,1
VLD,ATL,3
VPS,ATL,3
VPS,CLT,2
VPS,DCA,2
VPS,DFW,2
VPS,IAH,1
VSA,IAH,1
VSA,MEX,3
VSA,MID,2
VSA,PAZ,2
VSA,VER,2
WAA,KTS,1
WAA,OME,2
WAA,SHH,1
WLK,OTZ,2
WMO,GLV,2
WMO,OME,2
WRG,KTN,1
WRG,PSG,1
WRL,CYS,3
WTK,OTZ,1
XNA,ATL,5
XNA,CLT,2
XNA,CVG,1
XNA,DEN,1
XNA,DFW,2
XNA,DTW,1
XNA,EWR,1
XNA,IAH,1
XNA,LAS,1
XNA,LAX,2
XNA,LGA,2
XNA,MSP,1
XNA,ORD,3
XNA,SFB,1
YAB,YFB,1
YAB,YRB,1
YAG,YQK,1
YAG,YQT,1
YAK,CDV,1
YAK,JNU,1
YAM,YQT,1
YAM,YSB,1
YAM,YTZ,1
YAM,YYZ,1
YBC,YQB,1
YBC,YUL,1
YBC,YYY,2
YBG,YUL,1
YBK,YCS,2
YBK,YRT,2
YBK,YUT,1
YBL,YQQ,2
YBL,YVR,1
YBL,ZEL,1
YBR,YYC,1
YBX,YIF,1
YCB,YCO,2
YCB,YHK,1
YCB,YYH,1
YCB,YZF,2
YCD,YVR,1
YCD,YYC,1
YCG,YVR,1
YCG,YYC,1
YCO,YCB,2
YCO,YHI,1
YCO,YZF,2
YCS,YBK,2
YCS,YRT,3
YCS,YZS,1
YCY,YFB,2
YCY,YIO,2
YDF,YHZ,1
YDF,YYR,1
YDF,YYT,1
YDF,YYZ,2
YDP,YYR,1
YEG,CUN,1
YEG,DEN,2
YEG,DFW,1
YEG,EWR,2
YEG,IAH,2
YEG,LAS,2
YEG,LAX,3
YEG,MSP,1
YEG,ORD,2
YEG,PHX,3
YEG,PSP,1
YEG,PVR,1
YEG,SEA,1
YEG,SFO,2
YEG,YHM,1
YEG,YHY,1
YEG,YLW,1
YEG,YMM,4
YEG,YOW,2
YEG,YQQ,1
YEG,YQR,2
YEG,YQU,2
YEG,YSM,1
YEG,YUL,2
YEG,YVR,3
YEG,YWG,3
YEG,YXE,2
YEG,YXX,1
YEG,YYC,2
YEG,YYJ,1
YEG,YYZ,2
YEG,YZF,5
YEK,YRT,2
YEK,YXN,3
YEK,YYQ,2
YEV,YGH,1
YEV,YVQ,2
YFB,YAB,1
YFB,YCY,2
YFB,YGT,2
YFB,YLC,1
YFB,YOW,2
YFB,YRT,3
YFB,YTE,2
YFB,YUX,2
YFB,YVP,1
YFB,YXP,2
YFC,YHZ,1
YFC,YOW,1
YFC,YUL,1
YFC,YYZ,1
YFJ,YZF,1
YFO,YQD,2
YFO,YTH,1
YFO,YWG,1
YFS,YZF,2
YGH,YEV,1
YGH,YVQ,1
YGK,YYZ,1
YGP,YGR,1
YGP,YQB,1
YGR,YGP,1
YGT,YFB,2
YGT,YIO,1
YGT,YUX,2
YGV,YPN,1
YGV,YZV,1
YGX,YTH,1
YGX,YWG,1
YGZ,YRB,1
YHD,YQK,1
YHD,YRL,1
YHD,YXL,1
YHI,YCO,1
YHK,YCB,1
YHK,YYH,2
YHK,YZF,1
YHM,YEG,1
YHM,YHZ,1
YHM,YQM,1
YHM,YYC,1
YHO,YSO,1
YHR,YIF,1
YHR,YNA,1
YHR,ZTB,1
YHY,YEG,1
YHY,YSM,1
YHY,YZF,1
YHZ,BOS,2
YHZ,CUN,1
YHZ,DCA,2
YHZ,EWR,1
YHZ,FSP,1
YHZ,LGA,2
YHZ,MCO,2
YHZ,ORD,2
YHZ,PHL,2
YHZ,YDF,1
YHZ,YFC,1
YHZ,YHM,1
YHZ,YOW,3
YHZ,YQM,1
YHZ,YQX,1
YHZ,YQY,1
YHZ,YSJ,1
YHZ,YUL,2
YHZ,YYC,1
YHZ,YYG,1
YHZ,YYR,1
YHZ,YYT,4
YHZ,YYZ,3
YIF,YBX,1
YIF,YHR,1
YIF,ZLT,1
YIO,YCY,2
YIO,YGT,1
YKA,YVR,1
YKA,YYC,2
YKF,ORD,2
YKF,YYC,1
YKM,SEA,1
YLC,YFB,1
YLE,YZF,1
YLW,LAX,2
YLW,SEA,1
YLW,YEG,1
YLW,YQF,1
YLW,YVR,3
YLW,YXC,1
YLW,YXY,1
YLW,YYC,2
YLW,YYJ,1
YLW,YYZ,1
YMM,DEN,2
YMM,YEG,3
YMM,YPY,1
YMM,YQF,1
YMM,YVR,1
YMM,YYC,2
YMM,YYZ,2
YMN,YRG,1
YMN,YSO,1
YNA,YHR,1
YNA,YZV,2
YNA,ZKG,1
YNG,MYR,1
YNG,PGD,1
YNG,PIE,1
YNG,SFB,1
YOW,BOS,2
YOW,CLT,2
YOW,DCA,1
YOW,DTW,1
YOW,EWR,1
YOW,IAD,2
YOW,LGA,2
YOW,ORD,2
YOW,PHL,2
YOW,YEG,2
YOW,YFB,3
YOW,YFC,1
YOW,YHZ,3
YOW,YQB,1
YOW,YQM,2
YOW,YTZ,1
YOW,YUL,1
YOW,YVR,1
YOW,YWG,2
YOW,YXU,1
YOW,YYC,2
YOW,YYT,2
YOW,YYZ,3
YOW,YZF,1
YPN,YGV,1
YPN,YZV,1
YPR,YVR,2
YPW,YVR,1
YPY,YMM,1
YPY,YSM,1
YQB,EWR,1
YQB,ORD,2
YQB,PHL,2
YQB,YBC,1
YQB,YGP,1
YQB,YOW,1
YQB,YTZ,1
YQB,YUL,2
YQB,YYZ,2
YQB,YZV,2
YQD,YFO,2
YQD,YTH,1
YQD,YWG,2
YQF,YLW,1
YQF,YMM,1
YQF,YYC,1
YQG,YTZ,1
YQG,YYC,1
YQG,YYZ,1
YQK,YAG,1
YQK,YHD,1
YQK,YWG,1
YQL,YYC,1
YQM,EWR,1
YQM,MCO,2
YQM,YHM,1
YQM,YHZ,1
YQM,YOW,2
YQM,YUL,1
YQM,YYZ,2
YQQ,YBL,1
YQQ,YEG,1
YQQ,YVR,2
YQQ,YYC,1
YQR,DEN,2
YQR,LAS,1
YQR,MSP,1
YQR,ORD,2
YQR,YEG,2
YQR,YVR,2
YQR,YWG,2
YQR,YYC,2
YQR,YYZ,2
YQT,YAG,1
YQT,YAM,1
YQT,YTZ,1
YQT,YWG,3
YQT,YXL,1
YQT,YYZ,2
YQU,YEG,2
YQU,YYC,2
YQX,YHZ,1
YQX,YYR,1
YQX,YYT,1
YQY,YHZ,1
YQY,YYZ,1
YQZ,YVR,1
YQZ,YWL,1
YRA,YZF,1
YRB,YAB,1
YRB,YGZ,1
YRG,YMN,1
YRG,YYR,1
YRL,YHD,1
YRL,YWG,1
YRL,YXL,1
YRT,YBK,3
YRT,YCS,3
YRT,YEK,2
YRT,YFB,2
YRT,YUT,2
YRT,YWG,2
YRT,YXN,2
YRT,YYQ,2
YRT,YZF,3
YRT,YZS,2
YSB,YAM,1
YSB,YTS,1
YSB,YTZ,1
YSB,YYB,1
YSB,YYZ,1
YSG,YZF,1
YSJ,YHZ,1
YSJ,YUL,1
YSJ,YYZ,1
YSK,YWG,1
YSM,YEG,1
YSM,YHY,1
YSM,YPY,1
YSM,YZF,1
YSO,YHO,1
YSO,YMN,1
YTE,YFB,2
YTE,YZS,1
YTH,YFO,1
YTH,YGX,1
YTH,YQD,1
YTH,YWG,1
YTH,YYQ,2
YTS,YSB,1
YTS,YTZ,1
YTS,YYU,1
YTS,YYZ,1
YTZ,BOS,1
YTZ,EWR,1
YTZ,IAD,1
YTZ,MDW,1
YTZ,MYR,1
YTZ,YAM,1
YTZ,YOW,1
YTZ,YQB,1
YTZ,YQG,1
YTZ,YQT,1
YTZ,YSB,1
YTZ,YTS,1
YTZ,YUL,2
YUL,ATL,3
YUL,BDL,2
YUL,BOS,2
YUL,CLT,2
YUL,CUN,3
YUL,CZM,1
YUL,DCA,3
YUL,DEN,2
YUL,DFW,3
YUL,DTW,4
YUL,EWR,2
YUL,FLL,3
YUL,FSP,1
YUL,IAD,2
YUL,IAH,2
YUL,JFK,6
YUL,LAS,2
YUL,LAX,2
YUL,LGA,6
YUL,MCO,2
YUL,MEX,1
YUL,MIA,3
YUL,MSP,2
YUL,ORD,6
YUL,PHL,2
YUL,PVR,1
YUL,SFO,2
YUL,YBC,1
YUL,YBG,1
YUL,YEG,2
YUL,YFC,1
YUL,YHZ,2
YUL,YOW,1
YUL,YQB,2
YUL,YQM,1
YUL,YSJ,1
YUL,YTZ,2
YUL,YUY,1
YUL,YVO,1
YUL,YVP,1
YUL,YVR,2
YUL,YWG,2
YUL,YYC,2
YUL,YYG,1
YUL,YYT,1
YUL,YYY,1
YUL,YYZ,6
YUL,YZV,1
YUL,ZBF,1
YUM,LAX,1
YUM,PHX,2
YUT,YBK,1
YUT,YRT,1
YUT,YZS,1
YUX,YFB,2
YUX,YGT,2
YUY,YUL,1
YUY,YVO,1
YVM,YXP,2
YVO,YUL,1
YVO,YUY,1
YVP,YFB,1
YVP,YUL,1
YVQ,YEV,2
YVQ,YGH,1
YVQ,YZF,2
YVQ,ZFN,1
YVR,CUN,2
YVR,DEN,2
YVR,DFW,3
YVR,EWR,3
YVR,HNL,3
YVR,IAH,1
YVR,JFK,1
YVR,KOA,1
YVR,LAS,4
YVR,LAX,5
YVR,LIH,1
YVR,MEX,1
YVR,MSP,1
YVR,OGG,2
YVR,ORD,5
YVR,PDX,4
YVR,PHX,2
YVR,PSP,1
YVR,PVR,3
YVR,QBC,1
YVR,SEA,5
YVR,SFO,3
YVR,SJD,1
YVR,SLC,1
YVR,SNA,2
YVR,YBL,1
YVR,YCD,1
YVR,YCG,1
YVR,YEG,3
YVR,YKA,1
YVR,YLW,3
YVR,YMM,1
YVR,YOW,1
YVR,YPR,2
YVR,YPW,1
YVR,YQQ,1
YVR,YQR,2
YVR,YQZ,1
YVR,YUL,2
YVR,YWG,2
YVR,YWL,2
YVR,YXC,2
YVR,YXE,2
YVR,YXJ,2
YVR,YXS,2
YVR,YXT,3
YVR,YXY,2
YVR,YYC,3
YVR,YYD,2
YVR,YYF,1
YVR,YYJ,3
YVR,YYZ,3
YVR,YZP,1
YVR,YZT,1
YVR,YZZ,1
YVR,ZMT,1
YWG,DEN,2
YWG,LAS,1
YWG,MSP,1
YWG,ORD,2
YWG,YEG,3
YWG,YFO,2
YWG,YGX,1
YWG,YOW,2
YWG,YQD,2
YWG,YQK,1
YWG,YQR,2
YWG,YQT,2
YWG,YRL,1
YWG,YRT,3
YWG,YSK,1
YWG,YTH,1
YWG,YUL,3
YWG,YVR,2
YWG,YXE,2
YWG,YXU,1
YWG,YYC,2
YWG,YYQ,2
YWG,YYZ,2
YWH,CXH,1
YWJ,YZF,1
YWJ,ZFN,1
YWK,YYR,1
YWK,YYY,1
YWK,YZV,2
YWL,YQZ,1
YWL,YVR,2
YXC,YLW,1
YXC,YVR,2
YXC,YYC,1
YXE,DEN,2
YXE,LAS,1
YXE,MSP,1
YXE,ORD,1
YXE,YEG,2
YXE,YVR,2
YXE,YWG,2
YXE,YYC,2
YXE,YYZ,2
YXH,YYC,1
YXJ,YVR,2
YXJ,YYC,1
YXL,YHD,1
YXL,YQT,1
YXL,YRL,1
YXN,YEK,2
YXN,YRT,3
YXP,YFB,2
YXP,YVM,2
YXS,YVR,2
YXS,YYC,1
YXT,YVR,3
YXT,YYD,1
YXU,ORD,2
YXU,YOW,1
YXU,YWG,1
YXU,YYC,1
YXU,YYZ,1
YXX,YEG,1
YXX,YYC,1
YXY,YLW,1
YXY,YVR,2
YXY,YZF,1
YYB,YSB,1
YYB,YYZ,1
YYC,CUN,2
YYC,DEN,2
YYC,DFW,4
YYC,EWR,1
YYC,IAH,2
YYC,JFK,3
YYC,LAS,4
YYC,LAX,4
YYC,MCO,1
YYC,MSP,1
YYC,ORD,5
YYC,PDX,2
YYC,PHX,3
YYC,PSP,1
YYC,PVR,2
YYC,SAN,2
YYC,SEA,1
YYC,SFO,3
YYC,SJD,2
YYC,SLC,1
YYC,YBR,1
YYC,YCD,1
YYC,YCG,1
YYC,YEG,5
YYC,YHM,1
YYC,YHZ,1
YYC,YKA,2
YYC,YKF,1
YYC,YLW,2
YYC,YMM,2
YYC,YOW,2
YYC,YQF,1
YYC,YQG,1
YYC,YQL,1
YYC,YQQ,1
YYC,YQR,2
YYC,YQU,2
YYC,YUL,2
YYC,YVR,3
YYC,YWG,2
YYC,YXC,1
YYC,YXE,2
YYC,YXH,1
YYC,YXJ,1
YYC,YXS,1
YYC,YXU,1
YYC,YXX,1
YYC,YYJ,2
YYC,YYZ,3
YYC,YZF,1
YYD,YVR,2
YYD,YXT,1
YYF,YVR,1
YYG,YHZ,1
YYG,YUL,1
YYG,YYZ,2
YYH,YCB,1
YYH,YHK,2
YYH,YZF,1
YYJ,LAS,1
YYJ,SEA,1
YYJ,SFO,2
YYJ,YEG,1
YYJ,YLW,1
YYJ,YVR,3
YYJ,YYC,2
YYJ,YYZ,2
YYQ,YEK,2
YYQ,YRT,2
YYQ,YTH,2
YYQ,YWG,2
YYR,YDF,1
YYR,YDP,1
YYR,YHZ,1
YYR,YQX,1
YYR,YRG,1
YYR,YWK,1
YYR,YYT,1
YYT,EWR,1
YYT,FSP,1
YYT,MCO,2
YYT,YDF,1
YYT,YHZ,4
YYT,YOW,2
YYT,YQX,1
YYT,YUL,1
YYT,YYR,1
YYT,YYZ,2
YYU,YTS,1
YYY,YBC,2
YYY,YUL,1
YYY,YWK,1
YYY,YZV,1
YYZ,ATL,6
YYZ,BDL,2
YYZ,BNA,1
YYZ,BOS,2
YYZ,BWI,1
YYZ,CLE,2
YYZ,CLT,3
YYZ,CMH,2
YYZ,CUN,3
YYZ,CVG,3
YYZ,DCA,3
YYZ,DEN,2
YYZ,DFW,5
YYZ,DTW,5
YYZ,EWR,2
YYZ,FLL,4
YYZ,IAD,2
YYZ,IAH,2
YYZ,IND,1
YYZ,JFK,6
YYZ,LAS,4
YYZ,LAX,5
YYZ,LGA,6
YYZ,MCI,1
YYZ,MCO,5
YYZ,MDT,1
YYZ,MEX,2
YYZ,MIA,4
YYZ,MKE,1
YYZ,MSP,4
YYZ,MSY,2
YYZ,MYR,1
YYZ,ORD,6
YYZ,PHL,4
YYZ,PHX,1
YYZ,PIT,2
YYZ,RDU,1
YYZ,ROC,1
YYZ,RSW,2
YYZ,SAN,1
YYZ,SEA,1
YYZ,SFO,2
YYZ,STL,2
YYZ,SYR,1
YYZ,TPA,2
YYZ,YAM,1
YYZ,YDF,2
YYZ,YEG,2
YYZ,YFC,1
YYZ,YGK,1
YYZ,YHZ,3
YYZ,YLW,1
YYZ,YMM,2
YYZ,YOW,2
YYZ,YQB,3
YYZ,YQG,1
YYZ,YQM,2
YYZ,YQR,3
YYZ,YQT,2
YYZ,YQY,1
YYZ,YSB,1
YYZ,YSJ,1
YYZ,YTS,1
YYZ,YUL,7
YYZ,YVR,3
YYZ,YWG,3
YYZ,YXE,2
YYZ,YXU,1
YYZ,YYB,1
YYZ,YYC,2
YYZ,YYG,2
YYZ,YYJ,2
YYZ,YYT,2
YYZ,YZR,1
YZF,YCB,2
YZF,YCO,2
YZF,YEG,6
YZF,YFJ,1
YZF,YFS,2
YZF,YHK,2
YZF,YHY,1
YZF,YLE,1
YZF,YOW,2
YZF,YRA,1
YZF,YRT,2
YZF,YSG,1
YZF,YSM,1
YZF,YVQ,2
YZF,YWJ,1
YZF,YXY,1
YZF,YYC,1
YZF,YYH,1
YZP,YVR,1
YZR,YYZ,1
YZS,YCS,1
YZS,YRT,2
YZS,YTE,1
YZS,YUT,2
YZT,YVR,1
YZT,ZEL,1
YZV,YGV,1
YZV,YNA,2
YZV,YPN,1
YZV,YQB,2
YZV,YUL,1
YZV,YWK,2
YZV,YYY,1
YZZ,YVR,1
ZBF,YUL,1
ZCL,DFW,2
ZCL,LAX,1
ZCL,MDW,1
ZCL,MEX,2
ZCL,TIJ,1
ZEL,YBL,1
ZEL,YZT,1
ZFN,YVQ,1
ZFN,YWJ,1
ZIH,IAH,1
ZIH,LAX,2
ZIH,MEX,3
ZIH,PHX,2
ZIH,TLC,1
ZKG,YNA,1
ZLO,IAH,1
ZLO,LAX,2
ZLO,MEX,3
ZLO,TIJ,1
ZLT,YIF,1
ZLT,ZTB,1
ZMT,YVR,1
ZTB,YHR,1
ZTB,ZLT,1
